Team,In Refine,In Dev,In Test,Ready For Dev,Ready For Test,Ready For Accept
YELLOWSTON,18.79,7.14,0.00,6.99,0.00,0.00
YELLOWSTON,8.88,0.00,19.93,48.96,12.32,0.53
YELLOWSTON,11.06,15.01,12.92,16.92,0.05,25.21
YELLOWSTON,16.21,0.98,1.08,46.87,0.87,4.02
YELLOWSTON,2.19,1.09,7.11,51.91,1.72,5.22
YELLOWSTON,4.86,0.87,8.09,49.10,1.02,5.16
YELLOWSTON,7.10,9.99,8.07,36.80,0.15,5.93
YELLOWSTON,10.24,1.32,3.02,38.69,9.66,0.22
YELLOWSTON,10.13,1.48,3.02,40.30,7.90,0.22
YELLOWSTON,7.10,7.97,6.92,34.82,1.00,4.07
YELLOWSTON,14.00,13.96,0.21,22.05,4.95,4.76
YELLOWSTON,20.04,1.00,0.00,26.95,7.06,3.91
YELLOWSTON,19.82,0.93,7.80,26.01,0.25,3.91
YELLOWSTON,0.00,7.09,0.00,42.06,0.00,0.03
YELLOWSTON,0.00,32.98,0.00,13.89,0.01,2.04
YELLOWSTON,4.21,1.01,0.13,29.77,12.01,0.96
YELLOWSTON,3.27,1.01,8.14,30.76,3.96,0.15
YELLOWSTON,19.19,11.19,0.00,12.74,0.00,2.82
YELLOWSTON,14.11,1.69,7.06,12.26,4.98,5.03
YELLOWSTON,25.17,0.73,7.02,8.01,0.02,3.91
YELLOWSTON,10.13,0.04,6.12,20.01,7.60,0.19
YELLOWSTON,15.23,0.95,7.02,8.07,6.79,4.11
YELLOWSTON,14.77,2.03,7.31,13.95,3.95,0.01
YELLOWSTON,40.09,0.00,0.00,0.00,0.00,0.12
YELLOWSTON,14.01,8.20,0.00,17.93,0.00,0.00
YELLOWSTON,7.01,0.07,8.08,19.06,0.84,5.01
YELLOWSTON,7.01,0.07,7.08,19.17,1.73,5.01
YELLOWSTON,6.74,0.00,7.03,18.09,3.11,3.82
YELLOWSTON,0.82,0.00,2.91,16.42,15.83,0.18
YELLOWSTON,7.01,0.16,7.08,19.07,1.74,0.89
YELLOWSTON,16.11,3.90,3.73,8.07,0.09,3.16
YELLOWSTON,6.74,0.00,5.87,18.10,3.11,0.88
YELLOWSTON,11.04,1.84,11.11,8.06,0.94,0.05
YELLOWSTON,18.03,3.81,0.00,7.04,0.00,2.96
YELLOWSTON,5.24,6.07,15.95,1.85,1.81,0.19
YELLOWSTON,13.12,5.91,0.82,9.03,0.00,0.28
YELLOWSTON,11.05,0.13,3.27,9.99,3.74,0.72
YELLOWSTON,12.95,2.88,6.90,0.08,3.03,1.95
YELLOWSTON,8.70,1.09,5.07,11.16,1.69,0.06
YELLOWSTON,3.93,0.00,0.00,23.29,0.00,0.00
YELLOWSTON,0.00,0.00,0.00,0.00,24.12,2.83
YELLOWSTON,7.09,0.06,4.51,8.01,1.22,3.27
YELLOWSTON,11.83,5.32,4.12,2.98,1.68,0.03
YELLOWSTON,5.09,3.95,3.95,8.82,3.95,0.12
YELLOWSTON,5.79,3.17,3.27,11.96,0.82,0.78
YELLOWSTON,8.23,1.81,2.96,6.94,4.02,1.19
YELLOWSTON,1.97,7.78,4.94,8.07,0.00,0.00
YELLOWSTON,1.08,0.00,9.61,0.02,11.38,0.00
YELLOWSTON,0.16,0.16,0.14,1.70,13.00,6.87
YELLOWSTON,10.05,1.84,0.27,2.91,3.99,2.95
YELLOWSTON,2.29,0.89,0.00,14.15,2.99,0.66
YELLOWSTON,10.03,3.29,0.14,6.12,1.65,0.67
YELLOWSTON,6.18,0.00,13.24,0.31,1.47,0.00
YELLOWSTON,3.19,0.22,4.90,10.79,1.82,0.25
YELLOWSTON,0.00,0.00,5.07,0.00,15.01,0.99
YELLOWSTON,6.80,8.03,0.00,5.93,0.00,0.00
YELLOWSTON,6.97,13.02,0.00,0.00,0.26,0.02
YELLOWSTON,0.18,0.00,9.87,5.10,4.89,0.00
YELLOWSTON,0.03,0.00,15.13,0.00,0.97,4.82
YELLOWSTON,4.99,2.94,7.87,0.07,3.10,0.16
YELLOWSTON,5.99,0.99,1.18,5.95,0.98,3.99
YELLOWSTON,10.95,0.08,7.04,0.03,0.77,0.22
YELLOWSTON,4.93,4.09,0.00,8.93,0.95,0.18
YELLOWSTON,5.83,2.22,1.39,5.05,4.49,0.08
YELLOWSTON,0.00,18.89,0.01,0.00,0.16,0.00
YELLOWSTON,12.97,0.97,2.80,0.16,1.87,0.28
YELLOWSTON,4.79,3.84,7.00,0.01,3.02,0.06
YELLOWSTON,7.98,8.10,0.00,0.99,0.00,0.07
YELLOWSTON,4.20,0.53,2.08,0.08,6.98,2.93
YELLOWSTON,2.92,0.16,5.15,5.15,1.71,1.09
YELLOWSTON,3.20,0.30,5.01,4.73,1.71,1.13
YELLOWSTON,3.20,0.00,3.96,5.03,2.74,1.15
YELLOWSTON,7.83,0.15,7.80,0.01,0.06,0.13
YELLOWSTON,2.91,0.00,4.28,5.14,0.76,2.70
YELLOWSTON,8.08,0.14,0.28,0.09,2.60,3.73
YELLOWSTON,13.10,0.10,0.00,0.79,0.02,0.91
YELLOWSTON,0.00,6.00,0.00,8.70,0.09,0.01
YELLOWSTON,0.00,0.11,0.90,0.01,1.88,11.30
YELLOWSTON,0.00,0.00,14.09,0.00,0.02,0.00
YELLOWSTON,11.03,0.00,0.00,2.94,0.00,0.00
YELLOWSTON,2.92,0.01,1.20,5.24,0.76,3.73
YELLOWSTON,0.71,0.01,7.31,0.02,4.96,0.66
YELLOWSTON,0.00,0.86,5.15,0.00,5.96,1.10
YELLOWSTON,3.08,0.71,0.10,5.17,2.00,0.06
YELLOWSTON,11.05,0.00,0.00,0.00,0.00,0.00
YELLOWSTON,11.04,0.00,0.00,0.00,0.00,0.00
YELLOWSTON,11.04,0.00,0.00,0.00,0.00,0.00
YELLOWSTON,11.04,0.00,0.00,0.00,0.00,0.00
YELLOWSTON,3.05,5.95,0.00,1.01,0.00,0.90
YELLOWSTON,10.08,0.00,0.00,0.00,0.00,0.00
YELLOWSTON,8.75,0.00,0.00,0.00,0.00,0.00
YELLOWSTON,0.01,6.30,0.02,1.73,0.00,0.00
YELLOWSTON,0.00,1.26,0.00,0.00,0.15,5.78
YELLOWSTON,6.75,0.00,0.00,0.00,0.00,0.00
YELLOWSTON,0.00,0.00,2.10,0.00,1.05,3.10
YELLOWSTON,0.00,1.22,0.00,0.00,0.76,3.91
YELLOWSTON,0.00,5.19,0.00,0.00,0.00,0.00
YELLOWSTON,1.17,0.15,3.00,0.03,0.60,0.07
YELLOWSTON,4.93,0.00,0.00,0.00,0.00,0.00
YELLOWSTON,0.00,0.00,1.75,0.00,0.00,0.00
YELLOWSTON,3.99,0.00,0.00,0.00,0.00,0.00
YELLOWSTON,3.05,0.00,0.00,0.00,0.00,0.00
YELLOWSTON,0.00,0.00,0.00,0.00,0.79,1.99
YELLOWSTON,2.26,0.00,0.00,0.00,0.00,0.00
YELLOWSTON,2.26,0.00,0.00,0.00,0.00,0.00
YELLOWSTON,0.00,2.13,0.00,0.00,0.00,0.00
YELLOWSTON,0.84,0.00,0.00,1.17,0.00,0.00
YELLOWSTON,0.00,1.01,0.00,0.00,0.00,0.00
YELLOWSTON,0.00,0.00,0.00,0.00,0.00,0.50
YELLOWSTON,0.01,0.00,0.05,0.00,0.00,0.05
YELLOWSTON,0.00,0.00,0.00,0.00,0.00,0.00
YELLOWSTON,0.00,0.00,0.00,0.00,0.00,0.00
YELLOWSTON,0.00,0.00,0.00,0.00,0.00,0.00
YELLOWSTON,0.00,0.00,0.00,0.00,0.00,0.00
YELLOWSTON,0.00,0.00,0.00,0.00,0.00,0.00
YELLOWSTON,0.00,0.00,0.00,0.00,0.00,0.00
YELLOWSTON,0.00,0.00,0.00,0.00,0.00,0.00
YELLOWSTON,0.00,0.00,0.00,0.00,0.00,0.00
YELLOWSTON,0.00,0.00,0.00,0.00,0.00,0.00
YELLOWSTON,0.00,0.00,0.00,0.00,0.00,0.00
YELLOWSTON,0.00,0.00,0.00,0.00,0.00,0.00
YELLOWSTON,0.00,0.00,0.00,0.00,0.00,0.00
YELLOWSTON,0.00,0.00,0.00,0.00,0.00,0.00
YELLOWSTON,0.00,0.00,0.00,0.00,0.00,0.00
YELLOWSTON,0.00,0.00,0.00,0.00,0.00,0.00
YELLOWSTON,0.00,0.00,0.00,0.00,0.00,0.00
YELLOWSTON,0.00,0.00,0.00,0.00,0.00,0.00
VOYAGEURS,11.08,1.81,12.09,84.10,7.00,0.00
VOYAGEURS,29.18,26.12,15.04,33.76,8.11,2.83
VOYAGEURS,37.11,36.41,0.00,20.86,4.61,0.00
VOYAGEURS,74.14,2.28,2.49,15.79,2.24,0.24
VOYAGEURS,12.19,16.05,8.14,41.98,6.77,0.02
VOYAGEURS,0.01,43.79,11.10,20.01,1.00,9.12
VOYAGEURS,0.00,12.94,12.20,50.85,0.00,9.01
VOYAGEURS,32.02,2.05,15.18,21.77,6.09,4.06
VOYAGEURS,15.09,15.44,5.97,39.78,0.74,0.02
VOYAGEURS,0.00,0.00,0.00,77.05,0.00,0.00
VOYAGEURS,41.21,13.72,14.17,0.00,1.05,0.79
VOYAGEURS,19.88,14.08,1.39,25.93,6.76,1.12
VOYAGEURS,61.76,2.01,0.01,0.00,0.11,4.88
VOYAGEURS,0.00,3.17,0.00,56.99,2.09,4.75
VOYAGEURS,23.75,0.00,4.98,33.21,1.77,0.09
VOYAGEURS,11.07,9.26,13.90,20.89,7.92,0.19
VOYAGEURS,0.00,0.00,0.00,0.00,0.00,62.01
VOYAGEURS,47.05,2.28,2.75,0.95,3.03,0.02
VOYAGEURS,50.05,0.00,0.00,0.00,0.00,0.00
VOYAGEURS,1.18,0.04,5.33,26.16,9.63,6.63
VOYAGEURS,1.18,0.16,14.16,26.89,0.94,5.66
VOYAGEURS,6.76,20.00,22.07,0.00,0.08,0.00
VOYAGEURS,0.00,0.00,0.00,35.24,0.02,12.98
VOYAGEURS,47.05,0.00,0.00,0.00,0.00,0.00
VOYAGEURS,33.75,0.02,0.00,0.00,0.00,13.17
VOYAGEURS,13.05,8.81,1.08,18.08,1.91,3.92
VOYAGEURS,0.00,26.96,0.00,0.00,19.18,0.00
VOYAGEURS,0.00,3.97,1.04,33.99,3.76,2.05
VOYAGEURS,0.00,8.07,16.97,4.95,0.20,13.08
VOYAGEURS,0.00,39.21,0.00,0.03,0.00,3.97
VOYAGEURS,1.13,0.11,1.08,27.94,12.79,0.09
VOYAGEURS,26.95,1.07,0.13,6.04,6.89,0.02
VOYAGEURS,20.87,7.92,0.00,11.95,0.00,0.00
VOYAGEURS,17.91,1.28,1.02,1.01,3.93,14.82
VOYAGEURS,0.00,2.03,0.00,32.13,0.86,0.00
VOYAGEURS,0.00,0.00,2.68,29.15,3.03,0.06
VOYAGEURS,27.87,0.22,0.06,1.86,4.86,0.04
VOYAGEURS,13.03,0.17,20.83,0.04,0.12,0.69
VOYAGEURS,5.13,20.82,1.00,6.09,1.04,0.12
VOYAGEURS,0.00,8.00,0.00,21.80,3.97,0.02
VOYAGEURS,0.00,0.00,0.00,32.08,0.00,0.00
VOYAGEURS,0.00,17.12,0.00,0.00,10.02,3.23
VOYAGEURS,0.00,21.04,0.00,0.00,8.15,0.00
VOYAGEURS,0.00,0.00,0.00,0.00,0.00,28.94
VOYAGEURS,0.00,7.16,6.07,13.09,1.65,0.02
VOYAGEURS,14.04,0.19,2.04,7.95,0.75,2.99
VOYAGEURS,8.82,0.00,0.00,0.00,0.00,19.12
VOYAGEURS,0.00,8.70,3.87,0.00,12.26,2.83
VOYAGEURS,12.90,1.03,0.22,9.14,3.05,0.48
VOYAGEURS,0.85,12.93,0.00,0.13,0.00,11.81
VOYAGEURS,20.67,0.06,3.35,0.00,0.64,1.00
VOYAGEURS,0.00,0.00,0.00,0.00,0.00,0.00
VOYAGEURS,22.97,0.00,0.00,0.00,0.00,0.00
VOYAGEURS,14.88,0.74,0.26,4.25,0.00,2.80
VOYAGEURS,0.00,0.00,0.00,0.00,6.83,15.99
VOYAGEURS,6.77,0.00,1.32,2.25,0.67,9.98
VOYAGEURS,20.93,0.00,0.00,0.00,0.00,0.00
VOYAGEURS,5.90,1.97,5.27,0.81,0.04,6.13
VOYAGEURS,11.22,8.01,0.00,0.00,0.00,0.83
VOYAGEURS,5.16,2.87,4.00,4.98,0.12,1.95
VOYAGEURS,5.11,3.90,8.06,1.12,0.00,0.70
VOYAGEURS,0.00,13.28,0.00,0.00,4.83,0.00
VOYAGEURS,0.00,2.83,7.16,4.15,0.01,3.78
VOYAGEURS,3.01,5.31,0.00,0.83,7.20,0.00
VOYAGEURS,3.01,6.13,0.00,0.00,7.21,0.00
VOYAGEURS,8.03,0.20,2.01,0.07,0.61,5.12
VOYAGEURS,0.00,6.08,0.00,0.00,8.93,0.00
VOYAGEURS,0.00,4.21,0.87,0.00,8.00,1.83
VOYAGEURS,0.70,1.43,0.00,5.97,6.53,0.22
VOYAGEURS,4.88,4.87,0.00,2.28,0.90,1.90
VOYAGEURS,0.00,0.04,0.00,9.95,0.01,3.69
VOYAGEURS,0.00,0.00,5.22,2.11,4.81,0.69
VOYAGEURS,0.14,1.04,4.17,0.00,0.85,5.86
VOYAGEURS,5.10,0.09,4.76,0.85,0.08,1.00
VOYAGEURS,0.00,0.90,0.00,4.00,0.00,5.88
VOYAGEURS,0.00,4.71,0.00,0.00,0.00,5.33
VOYAGEURS,0.00,0.00,0.00,8.80,0.00,0.35
VOYAGEURS,0.00,0.00,0.22,0.00,5.86,3.03
VOYAGEURS,0.00,0.02,5.16,1.12,0.81,1.81
VOYAGEURS,8.88,0.00,0.00,0.00,0.00,0.00
VOYAGEURS,0.00,0.00,0.00,0.00,6.82,1.19
VOYAGEURS,0.00,6.86,0.00,0.02,0.00,0.90
VOYAGEURS,0.00,0.00,1.04,4.84,0.08,1.79
VOYAGEURS,0.87,0.01,0.03,0.18,0.64,6.01
VOYAGEURS,0.85,0.01,0.00,0.19,4.77,1.91
VOYAGEURS,7.71,0.00,0.00,0.00,0.00,0.00
VOYAGEURS,0.00,0.00,0.00,0.00,0.00,0.00
VOYAGEURS,0.00,1.29,0.00,0.00,5.80,0.00
VOYAGEURS,2.87,0.07,0.35,0.02,0.74,2.95
VOYAGEURS,0.00,6.12,0.00,0.87,0.00,0.00
VOYAGEURS,0.86,0.08,1.87,0.02,0.02,4.15
VOYAGEURS,6.99,0.00,0.00,0.00,0.00,0.00
VOYAGEURS,0.00,0.03,4.96,0.00,0.06,1.68
VOYAGEURS,0.02,0.98,0.00,0.00,4.07,0.64
VOYAGEURS,0.00,5.01,0.00,0.00,0.01,0.00
VOYAGEURS,3.95,0.98,0.00,0.00,0.02,0.00
VOYAGEURS,3.93,0.00,0.00,0.00,0.00,0.84
VOYAGEURS,3.85,0.07,0.00,0.00,0.00,0.84
VOYAGEURS,3.19,0.08,0.00,0.00,0.00,0.84
VOYAGEURS,3.00,0.14,0.00,0.00,0.03,0.91
VOYAGEURS,0.00,0.00,0.00,0.00,0.00,1.80
VOYAGEURS,0.01,0.07,1.25,0.17,0.69,1.00
VOYAGEURS,0.00,0.00,0.00,0.00,0.00,2.97
VOYAGEURS,2.81,0.00,0.00,0.00,0.00,0.00
VOYAGEURS,0.00,0.02,0.26,0.17,0.78,0.97
VOYAGEURS,0.92,1.03,0.00,0.05,0.04,0.00
VOYAGEURS,1.73,0.00,0.00,0.00,0.00,0.00
VOYAGEURS,1.21,0.00,0.00,0.00,0.00,0.00
VOYAGEURS,0.00,0.85,0.00,0.11,0.04,0.01
VOYAGEURS,0.97,0.01,0.00,0.00,0.00,0.00
VOYAGEURS,0.00,0.02,0.00,0.72,0.03,0.01
VOYAGEURS,0.13,0.00,0.00,0.00,0.00,0.00
VOYAGEURS,0.00,0.00,0.00,0.06,0.02,0.01
VOYAGEURS,0.00,0.06,0.00,0.00,0.00,0.00
VOYAGEURS,0.00,0.00,0.00,0.00,0.04,0.01
VOYAGEURS,0.01,0.00,0.00,0.00,0.00,0.00
VOYAGEURS,0.00,0.00,0.00,0.00,0.00,0.00
VOYAGEURS,0.00,0.00,0.00,0.00,0.00,0.00
VOYAGEURS,0.00,0.00,0.00,0.00,0.00,0.00
VOYAGEURS,0.00,0.00,0.00,0.00,0.00,0.00
VOYAGEURS,0.00,0.00,0.00,0.00,0.00,0.00
VOYAGEURS,0.00,0.00,0.00,0.00,0.00,0.00
VOYAGEURS,0.00,0.00,0.00,0.00,0.00,0.00
VOYAGEURS,0.00,0.00,0.00,0.00,0.00,0.00
VOYAGEURS,0.00,0.00,0.00,0.00,0.00,0.00
VOYAGEURS,0.00,0.00,0.00,0.00,0.00,0.00
VOYAGEURS,0.00,0.00,0.00,0.00,0.00,0.00
VOYAGEURS,0.00,0.00,0.00,0.00,0.00,0.00
VOYAGEURS,0.00,0.00,0.00,0.00,0.00,0.00
VOYAGEURS,0.00,0.00,0.00,0.00,0.00,0.00
VOYAGEURS,0.00,0.00,0.00,0.00,0.00,0.00
VOYAGEURS,0.00,0.00,0.00,0.00,0.00,0.00
VOYAGEURS,0.00,0.00,0.00,0.00,0.00,0.00
VOYAGEURS,0.00,0.00,0.00,0.00,0.00,0.00
VOYAGEURS,0.00,0.00,0.00,0.00,0.00,0.00
VOYAGEURS,0.00,0.00,0.00,0.00,0.00,0.00
VOYAGEURS,0.00,0.00,0.00,0.00,0.00,0.00
VOYAGEURS,0.00,0.00,0.00,0.00,0.00,0.00
VOYAGEURS,0.00,0.00,0.00,0.00,0.00,0.00
VOYAGEURS,0.00,0.00,0.00,0.00,0.00,0.00
VOYAGEURS,0.00,0.00,0.00,0.00,0.00,0.00
VOYAGEURS,0.00,0.00,0.00,0.00,0.00,0.00
VOYAGEURS,0.00,0.00,0.00,0.00,0.00,0.00
VOYAGEURS,0.00,0.00,0.00,0.00,0.00,0.00
VOYAGEURS,0.00,0.00,0.00,0.00,0.00,0.00
VOYAGEURS,0.00,0.00,0.00,0.00,0.00,0.00
VOYAGEURS,0.00,0.00,0.00,0.00,0.00,0.00
VOYAGEURS,0.00,0.00,0.00,0.00,0.00,0.00
VOYAGEURS,0.00,0.00,0.00,0.00,0.00,0.00
VOYAGEURS,0.00,0.00,0.00,0.00,0.00,0.00
VOYAGEURS,0.00,0.00,0.00,0.00,0.00,0.00
VOYAGEURS,0.00,0.00,0.00,0.00,0.00,0.00
VOYAGEURS,0.00,0.00,0.00,0.00,0.00,0.00
VOYAGEURS,0.00,0.00,0.00,0.00,0.00,0.00
VOYAGEURS,0.00,0.00,0.00,0.00,0.00,0.00
VOYAGEURS,0.00,0.00,0.00,0.00,0.00,0.00
VOYAGEURS,0.00,0.00,0.00,0.00,0.00,0.00
VOYAGEURS,0.00,0.00,0.00,0.00,0.00,0.00
VOYAGEURS,0.00,0.00,0.00,0.00,0.00,0.00
VOYAGEURS,0.00,0.00,0.00,0.00,0.00,0.00
VOYAGEURS,0.00,0.00,0.00,0.00,0.00,0.00
VOYAGEURS,0.00,0.00,0.00,0.00,0.00,0.00
VOYAGEURS,0.00,0.00,0.00,0.00,0.00,0.00
VOYAGEURS,0.00,0.00,0.00,0.00,0.00,0.00
VOYAGEURS,0.00,0.00,0.00,0.00,0.00,0.00
VOYAGEURS,0.00,0.00,0.00,0.00,0.00,0.00
VOYAGEURS,0.00,0.00,0.00,0.00,0.00,0.00
VOYAGEURS,0.00,0.00,0.00,0.00,0.00,0.00
VOYAGEURS,0.00,0.00,0.00,0.00,0.00,0.00
VOYAGEURS,0.00,0.00,0.00,0.00,0.00,0.00
VOYAGEURS,0.00,0.00,0.00,0.00,0.00,0.00
VOYAGEURS,0.00,0.00,0.00,0.00,0.00,0.00
VOYAGEURS,0.00,0.00,0.00,0.00,0.00,0.00
VOYAGEURS,0.00,0.00,0.00,0.00,0.00,0.00
VOYAGEURS,0.00,0.00,0.00,0.00,0.00,0.00
VOYAGEURS,0.00,0.00,0.00,0.00,0.00,0.00
VOYAGEURS,0.00,0.00,0.00,0.00,0.00,0.00
VOYAGEURS,0.00,0.00,0.00,0.00,0.00,0.00
VOYAGEURS,0.00,0.00,0.00,0.00,0.00,0.00
VOYAGEURS,0.00,0.00,0.00,0.00,0.00,0.00
VOYAGEURS,0.00,0.00,0.00,0.00,0.00,0.00
VOYAGEURS,0.00,0.00,0.00,0.00,0.00,0.00
VOYAGEURS,0.00,0.00,0.00,0.00,0.00,0.00
VOYAGEURS,0.00,0.00,0.00,0.00,0.00,0.00
VOYAGEURS,0.00,0.00,0.00,0.00,0.00,0.00
VOYAGEURS,0.00,0.00,0.00,0.00,0.00,0.00
VOYAGEURS,0.00,0.00,0.00,0.00,0.00,0.00
VOYAGEURS,0.00,0.00,0.00,0.00,0.00,0.00
VOYAGEURS,0.00,0.00,0.00,0.00,0.00,0.00
VOYAGEURS,0.00,0.00,0.00,0.00,0.00,0.00
VOYAGEURS,0.00,0.00,0.00,0.00,0.00,0.00
VOYAGEURS,0.00,0.00,0.00,0.00,0.00,0.00
VOYAGEURS,0.00,0.00,0.00,0.00,0.00,0.00
VOYAGEURS,0.00,0.00,0.00,0.00,0.00,0.00
VOYAGEURS,0.00,0.00,0.00,0.00,0.00,0.00
VOYAGEURS,0.00,0.00,0.00,0.00,0.00,0.00
VOYAGEURS,0.00,0.00,0.00,0.00,0.00,0.00
VOYAGEURS,0.00,0.00,0.00,0.00,0.00,0.00
VOYAGEURS,0.00,0.00,0.00,0.00,0.00,0.00
VOYAGEURS,0.00,0.00,0.00,0.00,0.00,0.00
VOYAGEURS,0.00,0.00,0.00,0.00,0.00,0.00
VOYAGEURS,0.00,0.00,0.00,0.00,0.00,0.00
VOYAGEURS,0.00,0.00,0.00,0.00,0.00,0.00
VOYAGEURS,0.00,0.00,0.00,0.00,0.00,0.00
VOYAGEURS,0.00,0.00,0.00,0.00,0.00,0.00
VOYAGEURS,0.00,0.00,0.00,0.00,0.00,0.00
VOYAGEURS,0.00,0.00,0.00,0.00,0.00,0.00
VOYAGEURS,0.00,0.00,0.00,0.00,0.00,0.00
VOYAGEURS,0.00,0.00,0.00,0.00,0.00,0.00
VOYAGEURS,0.00,0.00,0.00,0.00,0.00,0.00
VOYAGEURS,0.00,0.00,0.00,0.00,0.00,0.00
VOYAGEURS,0.00,0.00,0.00,0.00,0.00,0.00
VOYAGEURS,0.00,0.00,0.00,0.00,0.00,0.00
VOYAGEURS,0.00,0.00,0.00,0.00,0.00,0.00
VOYAGEURS,0.00,0.00,0.00,0.00,0.00,0.00
VOYAGEURS,0.00,0.00,0.00,0.00,0.00,0.00
VOYAGEURS,0.00,0.00,0.00,0.00,0.00,0.00
VOYAGEURS,0.00,0.00,0.00,0.00,0.00,0.00
VOYAGEURS,0.00,0.00,0.00,0.00,0.00,0.00
VOYAGEURS,0.00,0.00,0.00,0.00,0.00,0.00
VOYAGEURS,0.00,0.00,0.00,0.00,0.00,0.00
VOYAGEURS,0.00,0.00,0.00,0.00,0.00,0.00
VOYAGEURS,0.00,0.00,0.00,0.00,0.00,0.00
VOYAGEURS,0.00,0.00,0.00,0.00,0.00,0.00
VOYAGEURS,0.00,0.00,0.00,0.00,0.00,0.00
VOYAGEURS,0.00,0.00,0.00,0.00,0.00,0.00
VOYAGEURS,0.00,0.00,0.00,0.00,0.00,0.00
VOYAGEURS,0.00,0.00,0.00,0.00,0.00,0.00
VOYAGEURS,0.00,0.00,0.00,0.00,0.00,0.00
VOYAGEURS,0.00,0.00,0.00,0.00,0.00,0.00
VOYAGEURS,0.00,0.00,0.00,0.00,0.00,0.00
VOYAGEURS,0.00,0.00,0.00,0.00,0.00,0.00
VOYAGEURS,0.00,0.00,0.00,0.00,0.00,0.00
VOYAGEURS,0.00,0.00,0.00,0.00,0.00,0.00
VOYAGEURS,0.00,0.00,0.00,0.00,0.00,0.00
VOYAGEURS,0.00,0.00,0.00,0.00,0.00,0.00
VOYAGEURS,0.00,0.00,0.00,0.00,0.00,0.00
VOYAGEURS,0.00,0.00,0.00,0.00,0.00,0.00
VOYAGEURS,0.00,0.00,0.00,0.00,0.00,0.00
VOYAGEURS,0.00,0.00,0.00,0.00,0.00,0.00
VOYAGEURS,0.00,0.00,0.00,0.00,0.00,0.00
VOYAGEURS,0.00,0.00,0.00,0.00,0.00,0.00
VOYAGEURS,0.00,0.00,0.00,0.00,0.00,0.00
VOYAGEURS,0.00,0.00,0.00,0.00,0.00,0.00
VOYAGEURS,0.00,0.00,0.00,0.00,0.00,0.00
VOYAGEURS,0.00,0.00,0.00,0.00,0.00,0.00
VOYAGEURS,0.00,0.00,0.00,0.00,0.00,0.00
VOYAGEURS,0.00,0.00,0.00,0.00,0.00,0.00
VOLTRON,0.00,55.05,0.00,0.00,3.93,3.11
VOLTRON,5.35,6.21,0.00,0.71,0.00,0.00
VOLTRON,4.87,3.21,0.00,0.00,0.00,0.00
VOLTRON,0.07,0.09,0.00,7.64,0.00,0.00
VOLTRON,0.00,0.00,0.00,2.03,0.00,5.04
VOLTRON,0.00,0.71,0.00,0.00,0.00,0.01
VOLTRON,0.00,0.00,0.00,0.00,0.00,0.00
VOLTRON,0.00,0.00,0.00,0.00,0.00,0.00
SAHARA,0.00,45.93,0.37,0.78,46.77,3.78
SAHARA,0.00,68.80,5.31,21.07,0.91,0.03
SAHARA,0.00,54.04,0.04,7.96,1.36,0.82
SAHARA,0.00,31.94,0.59,8.22,7.76,2.48
SAHARA,0.64,41.24,0.88,0.00,0.87,1.08
SAHARA,0.00,3.79,1.05,0.00,28.49,0.95
SAHARA,31.21,0.00,0.00,0.00,0.00,0.00
SAHARA,29.67,0.00,0.00,0.00,0.00,0.00
SAHARA,0.00,1.11,0.82,26.01,1.06,0.13
SAHARA,0.07,17.81,2.95,0.00,0.00,0.00
SAHARA,0.00,10.19,1.99,3.68,2.64,0.14
SAHARA,0.00,8.15,0.50,0.00,4.80,2.54
SAHARA,0.00,1.29,4.26,0.00,3.71,3.85
SAHARA,0.00,0.00,4.28,0.00,3.00,3.83
SAHARA,0.00,2.07,0.03,3.05,1.96,2.80
SAHARA,0.00,0.00,0.14,0.16,6.00,1.80
SAHARA,0.00,0.00,0.00,8.07,0.00,0.00
SAHARA,0.00,0.08,0.13,0.00,3.71,3.98
SAHARA,0.00,4.07,0.00,1.61,1.33,0.04
SAHARA,0.00,5.12,0.00,0.00,0.00,0.74
SAHARA,3.06,0.00,0.00,0.00,0.00,0.00
SAHARA,0.00,0.00,1.08,0.00,0.21,0.92
SAHARA,0.00,0.00,0.12,0.00,0.00,1.74
SAHARA,0.00,0.00,0.02,0.00,0.00,0.16
SAHARA,0.00,0.00,0.00,0.00,0.00,23.95
SAHARA,0.00,0.00,0.00,0.00,0.00,0.00
SAHARA,0.00,0.00,0.00,0.00,0.00,0.00
SAHARA,0.00,0.00,0.00,0.00,0.00,0.00
SAHARA,0.00,0.00,0.00,0.00,0.00,0.00
PNL,74.07,7.90,0.00,6.00,0.00,0.00
PNL,0.00,13.00,0.00,61.92,0.00,0.00
PNL,0.00,7.00,0.00,67.82,0.00,0.00
PNL,59.97,0.00,0.00,13.85,0.00,0.00
PNL,45.82,12.90,0.00,1.08,0.00,0.00
PNL,52.57,0.00,3.83,0.00,0.10,0.00
PNL,28.53,12.15,0.00,15.05,0.00,0.00
PNL,41.96,7.15,5.00,1.05,0.00,0.00
PNL,0.00,6.22,0.00,39.92,0.00,0.00
PNL,26.03,13.82,0.00,5.95,0.00,0.00
PNL,0.14,40.20,0.00,0.87,0.00,0.00
PNL,0.00,12.29,0.00,20.68,0.00,0.00
PNL,11.86,12.40,0.00,7.93,0.00,0.00
PNL,18.97,9.11,0.00,1.04,2.84,0.00
PNL,17.04,11.70,0.00,3.10,0.00,0.00
PNL,8.07,13.98,0.00,8.83,0.00,0.00
PNL,0.74,6.15,0.00,14.93,6.83,0.00
PNL,0.01,27.28,0.00,0.88,0.00,0.00
PNL,0.00,8.98,0.00,18.20,0.00,0.00
PNL,0.00,20.10,0.00,7.03,0.00,0.00
PNL,0.00,11.94,0.00,13.00,0.00,0.00
PNL,0.00,0.64,0.00,22.11,0.00,0.00
PNL,0.93,12.18,0.00,6.90,0.00,0.00
PNL,5.88,12.05,0.00,1.90,0.00,0.00
PNL,0.01,12.06,0.00,6.15,0.00,0.00
PNL,4.96,12.04,0.00,1.03,0.00,0.00
PNL,4.74,12.24,0.00,0.99,0.00,0.00
PNL,0.00,5.92,0.00,11.92,0.00,0.00
PNL,0.00,14.10,0.00,0.94,0.00,0.00
PNL,0.96,13.07,0.00,0.92,0.00,0.00
PNL,0.99,13.70,0.00,0.27,0.00,0.00
PNL,1.06,2.76,0.00,10.20,0.21,0.00
PNL,0.00,1.26,0.00,12.77,0.00,0.00
PNL,0.04,7.12,0.00,6.23,0.00,0.00
PNL,0.00,12.33,0.00,0.97,0.00,0.00
PNL,0.03,12.93,0.00,0.15,0.00,0.00
PNL,0.00,13.01,0.00,0.00,0.00,0.00
PNL,0.00,0.00,0.00,0.00,10.94,0.00
PNL,2.51,7.03,0.00,0.00,0.00,0.00
PNL,0.00,1.71,0.00,7.13,0.00,0.00
PNL,0.00,6.03,0.00,0.89,0.00,0.00
PNL,0.00,0.02,0.00,0.00,0.00,0.00
PNL,0.00,0.00,0.00,0.00,0.00,0.00
PNL,0.00,0.00,0.00,0.00,0.00,0.00
PLANETX,0.00,5.01,0.00,19.96,44.04,0.96
PLANETX,35.96,3.83,0.07,2.58,18.06,3.85
PLANETX,36.72,0.34,4.09,5.66,15.69,1.86
PLANETX,0.00,38.54,5.94,0.00,18.05,1.82
PLANETX,35.96,4.18,5.03,2.54,14.74,1.86
PLANETX,55.61,0.00,0.16,0.00,1.98,2.94
PLANETX,44.01,0.00,0.13,0.00,0.00,2.80
PLANETX,44.01,0.00,0.02,0.00,0.00,2.91
PLANETX,44.01,0.00,0.13,0.00,0.00,2.81
PLANETX,0.00,10.83,13.15,18.34,2.55,0.10
PLANETX,0.00,0.00,0.27,33.85,0.92,7.72
PLANETX,0.00,0.03,0.00,33.82,1.22,7.69
PLANETX,40.06,0.01,0.00,0.00,0.00,2.67
PLANETX,41.63,0.00,0.00,0.00,0.00,0.00
PLANETX,0.00,38.44,0.00,0.00,0.00,0.00
PLANETX,0.00,7.79,6.05,0.00,19.06,2.09
PLANETX,1.22,11.93,1.02,0.00,6.12,13.20
PLANETX,0.00,0.00,0.00,6.00,0.08,5.13
PLANETX,0.00,20.98,0.00,0.00,9.30,0.00
PLANETX,0.00,0.03,0.01,28.97,0.00,0.00
PLANETX,0.00,12.79,7.35,0.00,6.03,0.00
PLANETX,1.04,0.18,0.04,3.69,9.25,10.58
PLANETX,0.00,4.18,0.01,1.81,14.08,3.86
PLANETX,6.64,0.00,0.00,0.00,16.11,0.79
PLANETX,0.97,0.00,0.88,0.00,13.30,5.03
PLANETX,0.97,0.00,6.17,0.00,9.23,3.82
PLANETX,0.00,0.00,1.95,0.00,14.67,3.05
PLANETX,0.00,0.00,4.07,0.00,12.54,3.05
PLANETX,0.00,0.00,1.95,0.00,14.66,3.05
PLANETX,8.05,4.79,1.03,0.00,1.44,4.18
PLANETX,1.06,5.01,5.91,0.00,1.22,4.81
PLANETX,0.00,0.00,5.49,0.74,8.04,3.61
PLANETX,5.85,2.15,0.01,0.00,9.68,0.02
PLANETX,5.85,2.15,0.01,0.00,9.68,0.03
PLANETX,0.00,0.00,5.49,0.74,8.04,1.96
PLANETX,0.00,0.00,0.13,0.00,12.06,3.87
PLANETX,0.00,0.00,7.28,0.00,6.38,1.79
PLANETX,6.86,0.00,0.00,0.00,8.06,0.00
PLANETX,0.97,0.00,0.02,0.00,13.30,0.20
PLANETX,0.97,0.00,0.20,0.00,13.06,0.24
PLANETX,0.00,7.80,6.04,0.00,0.00,0.00
PLANETX,0.00,11.97,1.40,0.00,0.04,0.00
PLANETX,10.05,0.00,0.00,0.00,3.02,0.00
PLANETX,1.06,5.07,3.86,0.00,1.15,1.36
PLANETX,0.00,2.81,0.00,8.00,0.00,0.36
PLANETX,0.00,0.00,2.67,0.00,7.32,0.14
PLANETX,0.00,0.00,0.94,0.74,7.37,0.70
PLANETX,0.00,0.00,0.24,0.74,7.06,0.67
PLANETX,0.00,0.00,0.04,0.74,7.30,0.63
PLANETX,0.00,0.00,0.26,0.00,6.99,0.23
PLANETX,0.00,0.00,6.26,0.00,0.00,0.67
PLANETX,0.00,0.72,0.00,0.00,4.10,1.35
PLANETX,0.00,0.08,0.00,4.91,0.00,0.68
PLANETX,0.00,0.00,0.07,0.00,0.20,4.21
PLANETX,0.00,0.00,0.02,0.00,3.15,0.77
PLANETX,0.00,0.00,0.00,0.00,2.95,0.00
PLANETX,0.00,0.96,0.15,0.00,0.87,0.83
PLANETX,0.00,0.00,0.00,0.07,0.00,1.77
PLANETX,0.00,0.00,0.26,0.05,0.77,0.67
PLANETX,0.00,0.09,0.01,0.00,0.00,0.67
PLANETX,0.00,0.00,0.00,0.00,0.00,0.00
PLANETX,0.00,0.00,0.00,0.00,0.00,0.00
PLANETX,0.00,0.00,0.00,0.00,0.00,0.00
PLANETX,0.00,0.00,0.00,0.00,0.00,0.00
PLANETX,0.00,0.00,0.00,0.00,0.00,0.00
PLANETX,0.00,0.00,0.00,0.00,0.00,0.00
ORYON,53.78,6.62,0.25,21.32,0.00,0.00
ORYON,67.79,4.98,2.25,1.90,1.03,4.01
ORYON,67.78,0.30,6.31,0.92,0.70,5.94
ORYON,67.78,6.04,1.98,0.04,2.16,3.95
ORYON,67.78,1.99,3.71,7.92,0.25,0.30
ORYON,38.91,9.75,6.15,7.38,4.77,0.72
ORYON,53.77,3.93,1.10,1.98,0.96,5.95
ORYON,38.92,1.96,3.12,7.15,1.75,0.95
ORYON,38.91,0.82,2.84,6.94,3.19,1.16
ORYON,38.91,4.38,1.95,2.77,1.84,4.00
ORYON,38.91,4.10,2.90,2.82,1.05,4.07
ORYON,24.84,5.77,9.17,7.17,1.16,4.81
ORYON,0.00,27.63,0.00,15.33,0.00,0.00
ORYON,25.77,0.00,1.23,6.94,1.96,4.25
ORYON,5.83,10.92,7.19,7.95,1.08,6.88
ORYON,5.83,1.83,3.24,20.02,4.00,4.95
ORYON,10.82,2.10,20.26,1.97,3.76,0.94
ORYON,22.05,0.99,0.00,6.15,0.00,5.97
ORYON,13.94,1.12,0.28,6.90,1.86,4.02
ORYON,0.00,1.34,5.20,13.93,1.66,5.95
ORYON,0.00,1.28,8.07,14.00,0.62,4.12
ORYON,0.00,2.22,20.16,0.74,3.90,0.90
ORYON,12.81,0.35,0.03,6.18,1.57,6.04
ORYON,5.84,9.01,4.00,5.86,0.00,0.98
ORYON,10.72,0.98,5.10,2.01,0.00,6.88
ORYON,10.71,5.98,0.00,8.99,0.00,0.00
ORYON,5.83,1.99,1.11,5.87,0.01,10.14
ORYON,0.00,12.97,0.06,1.00,3.34,3.87
ORYON,0.00,6.33,1.05,7.01,0.60,6.26
ORYON,0.00,1.27,1.06,5.92,0.76,10.86
ORYON,0.00,1.92,3.97,6.11,0.99,6.89
ORYON,0.00,1.50,4.26,6.33,0.10,7.67
ORYON,0.00,3.96,3.13,8.03,0.87,3.88
ORYON,0.00,0.04,4.21,6.14,1.76,7.73
ORYON,5.91,13.75,0.00,0.20,0.00,0.00
ORYON,0.00,5.02,0.00,0.00,13.91,0.00
ORYON,0.00,5.98,0.00,8.99,0.00,0.00
ORYON,0.00,0.21,0.00,13.95,0.81,0.00
ORYON,0.00,6.94,0.00,8.03,0.00,0.00
ORYON,0.00,3.13,5.99,1.02,4.84,0.00
ORYON,0.00,1.89,5.93,0.10,0.16,6.30
ORYON,0.00,12.95,0.00,1.26,0.00,0.00
ORYON,0.00,4.15,0.00,2.03,0.89,7.10
ORYON,0.00,0.00,1.61,6.18,0.70,5.67
ORYON,0.00,5.88,1.03,7.12,0.00,0.11
ORYON,0.00,1.00,3.97,0.89,0.04,8.20
ORYON,0.00,0.00,0.00,13.98,0.00,0.00
ORYON,7.79,0.00,0.00,6.19,0.00,0.00
ORYON,0.00,5.26,1.01,1.99,0.03,5.68
ORYON,0.00,12.75,1.00,0.20,0.00,0.00
ORYON,0.00,13.83,0.00,0.11,0.00,0.00
ORYON,0.00,13.00,0.00,0.93,0.00,0.00
ORYON,0.00,13.05,0.00,0.88,0.00,0.00
ORYON,0.00,13.03,0.00,0.90,0.00,0.00
ORYON,0.00,7.96,0.00,5.96,0.00,0.00
ORYON,0.00,13.00,0.00,0.93,0.00,0.00
ORYON,0.00,0.00,13.03,0.00,0.90,0.00
ORYON,0.00,0.00,13.00,0.00,0.93,0.00
ORYON,2.04,6.83,1.41,0.00,0.04,3.61
ORYON,0.78,6.01,5.06,0.11,1.11,0.86
ORYON,0.00,1.15,7.03,0.10,0.69,4.95
ORYON,0.78,0.54,4.00,0.11,0.50,8.00
ORYON,6.94,0.38,3.88,1.23,0.50,0.99
ORYON,0.84,8.75,0.19,0.38,2.93,0.82
ORYON,0.00,5.22,0.00,7.94,0.02,0.00
ORYON,0.00,12.75,0.00,0.20,0.00,0.21
ORYON,0.00,12.98,0.00,0.18,0.00,0.00
ORYON,0.00,3.99,6.00,2.96,0.00,0.00
ORYON,0.00,6.00,0.00,6.94,0.00,0.00
ORYON,0.00,5.29,1.99,2.90,0.00,2.74
ORYON,0.00,7.06,0.00,0.22,0.14,0.00
ORYON,0.00,7.07,0.14,5.06,0.00,0.00
ORYON,0.00,12.18,0.00,0.00,0.00,0.00
ORYON,0.00,6.86,3.76,0.00,1.27,0.18
ORYON,10.71,0.23,0.00,0.99,0.01,0.00
ORYON,0.00,1.80,0.00,8.19,0.00,0.00
ORYON,0.00,0.00,0.00,9.88,0.00,0.01
ORYON,0.00,0.00,0.00,7.99,0.00,0.00
ORYON,0.00,1.67,0.00,6.27,0.00,0.00
ORYON,0.00,0.00,0.00,2.90,0.00,4.98
ORYON,0.00,2.01,0.00,5.86,0.00,0.02
ORYON,0.00,0.00,0.00,7.16,0.00,0.00
ORYON,0.00,1.01,2.98,0.00,1.97,0.75
ORYON,0.00,1.73,2.99,0.00,1.24,0.75
ORYON,0.00,4.02,0.00,1.97,0.00,0.18
ORYON,0.00,0.00,0.00,3.16,0.00,2.73
ORYON,0.00,3.10,0.00,0.00,0.00,0.00
ORYON,0.00,2.03,0.00,0.90,0.00,0.00
ORYON,0.00,0.00,0.00,0.00,0.00,0.00
ODYSSEY,27.97,58.81,0.03,45.98,1.05,0.00
ODYSSEY,33.25,57.97,0.06,40.82,1.05,0.00
ODYSSEY,0.00,5.02,0.19,118.77,2.91,0.00
ODYSSEY,0.68,9.32,0.00,0.00,108.92,0.00
ODYSSEY,0.00,8.71,0.12,107.04,0.03,0.00
ODYSSEY,0.00,0.99,0.50,103.97,7.57,0.84
ODYSSEY,0.00,3.25,0.18,103.84,4.70,0.82
ODYSSEY,0.00,5.98,0.00,105.90,0.06,0.00
ODYSSEY,0.00,21.51,0.25,76.96,10.36,2.66
ODYSSEY,0.00,2.94,0.13,103.93,3.97,0.00
ODYSSEY,0.00,21.97,0.09,81.14,5.72,0.08
ODYSSEY,0.00,5.99,0.98,92.85,0.10,0.11
ODYSSEY,0.00,9.10,0.07,80.93,0.78,0.01
ODYSSEY,0.00,5.08,0.25,78.99,0.78,0.64
ODYSSEY,0.00,9.14,0.00,70.98,4.91,0.00
ODYSSEY,0.00,4.93,0.17,71.96,0.01,5.63
ODYSSEY,0.00,24.67,0.26,56.04,0.12,0.66
ODYSSEY,0.00,0.08,0.02,77.95,2.87,0.00
ODYSSEY,28.09,4.99,0.00,40.98,1.98,0.00
ODYSSEY,28.10,4.13,0.07,42.70,0.22,0.57
ODYSSEY,0.00,0.93,0.00,62.06,0.02,11.09
ODYSSEY,31.06,6.13,0.02,34.84,0.95,0.00
ODYSSEY,0.00,22.09,1.27,46.78,0.92,0.62
ODYSSEY,0.00,6.77,0.97,63.13,0.03,0.05
ODYSSEY,28.08,1.84,0.02,40.00,0.08,0.00
ODYSSEY,0.00,1.93,0.01,61.98,0.02,0.20
ODYSSEY,0.00,10.99,2.29,54.80,0.05,0.57
ODYSSEY,0.00,0.01,0.00,63.25,0.01,2.72
ODYSSEY,29.30,2.16,0.10,27.63,3.95,0.73
ODYSSEY,0.00,11.96,6.00,41.80,1.19,0.73
ODYSSEY,0.00,0.07,0.04,60.72,0.01,0.00
ODYSSEY,0.00,5.30,2.77,49.86,1.83,0.00
ODYSSEY,0.00,8.96,0.30,47.20,0.96,0.56
ODYSSEY,0.00,3.34,2.86,33.05,0.00,0.00
ODYSSEY,0.00,3.10,1.03,43.89,2.92,0.00
ODYSSEY,0.00,47.07,0.00,0.06,2.19,0.00
ODYSSEY,0.00,1.22,0.12,46.91,0.64,0.04
ODYSSEY,0.00,12.98,0.00,0.00,34.94,0.00
ODYSSEY,0.00,12.98,0.00,0.00,34.94,0.00
ODYSSEY,0.00,12.98,0.00,0.00,34.94,0.00
ODYSSEY,0.00,12.98,0.00,0.00,34.94,0.00
ODYSSEY,0.00,2.05,0.02,41.69,4.06,0.00
ODYSSEY,0.09,28.19,0.10,15.09,0.80,2.73
ODYSSEY,0.00,1.97,1.04,34.19,5.97,0.61
ODYSSEY,0.00,0.08,0.00,40.83,0.09,0.00
ODYSSEY,7.29,2.04,2.56,27.41,0.99,0.68
ODYSSEY,0.00,1.11,0.00,39.70,0.12,0.01
ODYSSEY,0.00,11.17,0.00,27.69,0.03,0.01
ODYSSEY,3.78,6.72,0.00,29.28,0.06,0.00
ODYSSEY,0.00,10.97,0.00,27.93,0.00,0.00
ODYSSEY,0.00,0.00,0.00,37.81,0.00,0.00
ODYSSEY,19.98,12.25,0.00,1.88,0.00,0.00
ODYSSEY,0.00,10.93,0.00,21.76,0.00,1.06
ODYSSEY,0.00,1.95,0.10,29.76,1.02,0.01
ODYSSEY,0.00,21.02,7.20,0.00,2.81,0.00
ODYSSEY,0.00,5.92,0.00,25.07,0.00,0.00
ODYSSEY,16.17,6.00,0.22,6.95,0.04,0.73
ODYSSEY,0.00,10.78,0.00,0.00,16.02,0.00
ODYSSEY,0.00,13.11,1.17,0.00,0.87,0.01
ODYSSEY,0.00,0.16,0.00,0.00,19.86,0.00
ODYSSEY,20.02,0.03,0.03,1.78,0.00,0.00
ODYSSEY,0.00,12.01,2.14,0.00,7.89,0.67
ODYSSEY,0.00,4.16,0.00,14.09,0.00,2.93
ODYSSEY,21.12,0.00,0.00,0.00,0.00,0.00
ODYSSEY,21.05,0.00,0.00,0.00,0.00,0.00
ODYSSEY,20.33,0.00,0.00,0.00,0.00,0.00
ODYSSEY,0.00,0.00,0.00,20.07,0.00,0.02
ODYSSEY,0.00,0.01,0.00,0.00,17.88,0.00
ODYSSEY,0.00,0.00,0.00,19.91,0.00,0.00
ODYSSEY,0.00,12.98,0.00,0.00,6.90,0.00
ODYSSEY,4.16,10.05,0.00,0.84,0.00,3.06
ODYSSEY,0.00,16.03,0.00,0.00,0.00,0.00
ODYSSEY,2.16,1.03,0.00,6.78,5.04,0.00
ODYSSEY,8.10,4.92,0.01,0.00,0.27,0.68
ODYSSEY,2.99,0.98,0.00,8.94,1.07,0.00
ODYSSEY,0.00,0.00,0.00,13.95,0.00,0.00
ODYSSEY,7.87,5.95,0.00,0.00,0.00,0.00
ODYSSEY,0.00,12.10,0.00,1.15,0.00,0.00
ODYSSEY,0.00,12.87,0.00,0.00,0.00,0.00
ODYSSEY,0.00,12.18,0.00,0.00,0.00,0.00
ODYSSEY,0.00,12.13,0.00,0.00,0.00,0.00
ODYSSEY,0.00,7.02,0.00,4.93,0.00,0.07
ODYSSEY,0.00,3.05,0.00,8.94,0.00,0.00
ODYSSEY,0.00,11.02,0.00,0.96,0.00,0.00
ODYSSEY,0.00,11.12,0.00,0.00,0.00,0.00
ODYSSEY,0.00,11.11,0.00,0.00,0.00,0.00
ODYSSEY,0.00,10.67,0.00,0.00,0.00,0.00
ODYSSEY,0.00,9.98,0.00,0.00,0.00,0.03
ODYSSEY,0.00,8.97,0.00,0.00,0.00,0.00
ODYSSEY,0.00,0.24,0.00,7.90,0.81,0.00
ODYSSEY,0.00,8.94,0.00,0.00,0.00,0.00
ODYSSEY,0.00,4.95,0.02,0.00,3.19,0.00
ODYSSEY,0.00,7.15,0.00,0.00,0.84,0.00
ODYSSEY,4.92,2.13,0.08,0.00,0.01,0.00
ODYSSEY,0.00,0.99,0.09,0.00,6.05,0.00
ODYSSEY,0.14,5.00,0.06,0.02,1.02,0.57
ODYSSEY,0.00,0.00,0.00,5.91,0.85,0.00
ODYSSEY,0.00,1.85,0.00,0.00,0.00,4.17
ODYSSEY,0.00,1.82,0.09,0.00,1.03,2.78
ODYSSEY,0.00,1.02,0.00,3.99,0.00,0.00
ODYSSEY,4.03,0.00,0.04,0.00,0.00,0.00
ODYSSEY,0.00,0.00,0.00,0.00,0.00,0.00
ODYSSEY,0.96,0.00,0.00,1.99,0.00,0.00
ODYSSEY,0.00,2.90,0.00,0.00,0.00,0.00
ODYSSEY,0.00,2.02,0.03,0.00,0.05,0.03
ODYSSEY,0.05,0.79,0.00,0.00,1.07,0.00
ODYSSEY,0.02,0.24,0.00,0.00,0.00,0.00
ODYSSEY,0.00,0.00,0.00,0.00,0.05,0.00
ODYSSEY,0.00,0.00,0.00,0.00,0.00,0.00
ODYSSEY,0.00,0.00,0.00,0.00,0.00,0.00
ODYSSEY,0.00,0.00,0.00,0.00,0.00,0.00
ODYSSEY,0.00,0.00,0.00,0.00,0.00,0.00
ODYSSEY,0.00,0.00,0.00,0.00,0.00,0.00
ODYSSEY,0.00,0.00,0.00,0.00,0.00,0.00
MATRIX,69.33,3.06,0.99,39.62,2.94,0.01
MATRIX,4.09,0.07,0.00,109.60,0.02,0.00
MATRIX,3.39,0.00,0.00,72.78,40.81,0.00
MATRIX,83.95,3.88,0.16,21.95,0.00,0.09
MATRIX,4.10,2.13,0.02,99.53,3.08,0.02
MATRIX,4.11,5.96,0.67,94.67,0.31,0.16
MATRIX,4.10,5.96,0.69,94.67,0.31,0.14
MATRIX,4.97,1.97,0.17,55.89,34.85,0.93
MATRIX,0.00,0.00,21.07,72.78,0.82,3.89
MATRIX,4.15,0.00,0.00,93.60,0.00,0.00
MATRIX,0.00,0.75,0.00,92.86,0.00,0.00
MATRIX,0.00,23.06,2.91,65.13,0.00,0.00
MATRIX,5.40,0.00,17.88,56.79,2.59,0.13
MATRIX,4.14,0.00,4.58,72.78,0.01,0.20
MATRIX,0.00,1.85,0.00,72.34,4.92,0.00
MATRIX,0.00,16.95,0.43,60.06,0.00,0.75
MATRIX,4.09,0.00,0.00,73.63,0.00,0.00
MATRIX,4.97,8.96,28.99,30.86,3.44,0.46
MATRIX,4.97,0.00,16.58,55.68,0.00,0.45
MATRIX,4.16,2.00,0.47,69.67,0.62,0.02
MATRIX,4.15,0.01,0.00,70.87,0.71,0.00
MATRIX,4.18,5.01,0.00,64.66,1.00,0.25
MATRIX,4.17,5.01,0.02,64.66,1.00,0.23
MATRIX,0.00,2.00,0.10,69.67,0.99,0.02
MATRIX,0.00,4.01,0.00,65.66,2.60,0.40
MATRIX,0.00,4.01,0.01,65.66,2.60,0.39
MATRIX,0.00,0.93,0.00,70.67,0.00,0.00
MATRIX,5.21,1.01,0.04,56.63,5.12,0.09
MATRIX,26.98,1.97,0.75,33.02,0.00,3.03
MATRIX,4.97,4.02,0.00,55.69,0.14,0.00
MATRIX,55.65,5.97,2.09,0.99,0.04,0.08
MATRIX,4.97,5.97,2.09,51.67,0.04,0.08
MATRIX,4.97,5.95,1.01,50.68,0.03,0.01
MATRIX,0.00,0.05,2.03,57.11,0.00,0.87
MATRIX,26.81,0.95,0.00,32.13,0.00,0.00
MATRIX,16.92,4.88,0.52,28.97,1.14,3.48
MATRIX,5.21,0.00,1.03,36.68,0.98,3.91
MATRIX,0.00,1.01,0.00,39.77,5.26,0.78
MATRIX,5.06,9.01,5.69,22.84,0.28,0.95
MATRIX,2.27,5.25,4.73,26.78,1.66,0.40
MATRIX,0.00,4.12,0.00,34.81,0.06,0.00
MATRIX,0.00,4.11,0.00,34.81,0.00,0.07
MATRIX,6.03,2.06,2.88,26.91,0.01,0.37
MATRIX,6.03,2.06,2.88,26.91,0.01,0.37
MATRIX,5.06,1.00,0.25,22.84,3.99,0.99
MATRIX,0.09,5.23,0.00,27.58,0.00,0.00
MATRIX,5.14,0.99,0.08,22.68,3.91,0.09
MATRIX,0.00,11.97,0.00,19.95,0.01,0.00
MATRIX,7.07,10.00,7.00,4.90,0.99,0.02
MATRIX,0.00,0.00,0.00,0.00,26.84,0.00
MATRIX,0.00,0.00,23.80,0.00,0.00,0.00
MATRIX,0.00,20.98,2.08,0.00,0.02,0.09
MATRIX,0.00,20.98,2.08,0.00,0.02,0.09
MATRIX,4.87,6.07,0.87,6.96,1.03,1.09
MATRIX,5.06,0.99,4.70,8.84,0.01,1.27
MATRIX,0.00,10.86,0.00,7.15,0.00,0.00
MATRIX,2.08,0.78,0.00,13.13,0.01,0.04
MATRIX,2.08,0.00,0.00,13.87,0.00,0.00
MATRIX,0.00,5.78,0.27,7.02,1.91,0.81
MATRIX,1.09,0.00,0.12,9.19,3.00,0.69
MATRIX,0.00,0.13,0.00,10.87,2.84,0.11
MATRIX,0.00,5.16,0.00,7.99,0.00,0.01
MATRIX,0.00,13.01,0.00,0.00,0.00,0.00
MATRIX,0.00,0.01,0.00,12.86,0.01,0.02
MATRIX,0.00,4.19,0.00,7.71,0.00,0.68
MATRIX,3.01,1.04,0.00,6.94,0.12,0.83
MATRIX,0.00,0.19,0.00,9.83,0.00,0.87
MATRIX,0.00,9.99,0.00,0.19,0.00,0.01
MATRIX,0.00,0.14,0.00,9.99,0.00,0.00
MATRIX,0.00,5.02,0.00,0.00,2.01,2.90
MATRIX,9.01,0.00,0.00,0.00,0.00,0.00
MATRIX,0.00,0.03,0.00,7.72,0.08,0.00
MATRIX,0.00,5.01,0.00,1.02,0.02,1.01
MATRIX,0.96,0.77,0.00,0.26,4.18,0.03
MATRIX,6.02,0.00,0.00,0.00,0.00,0.00
MATRIX,0.96,0.00,0.00,1.24,3.76,0.01
MATRIX,0.00,0.27,0.02,3.95,0.66,0.30
MATRIX,0.00,1.02,0.00,0.00,3.00,0.02
MATRIX,0.00,3.03,0.00,0.00,0.00,0.00
MATRIX,0.00,1.96,0.00,0.00,0.05,0.00
MATRIX,0.00,0.86,0.00,0.00,0.04,0.27
MATRIX,0.00,0.00,0.00,0.00,0.00,0.00
MATRIX,0.00,0.00,0.00,0.00,0.00,0.00
MATRIX,0.00,0.00,0.00,0.00,0.00,0.00
MATRIX,0.00,0.00,0.00,0.00,0.00,0.00
MATRIX,0.00,0.00,0.00,0.00,0.00,0.00
MATRIX,0.00,0.00,0.00,0.00,0.00,0.00
MATRIX,0.00,0.00,0.00,0.00,0.00,0.00
MATRIX,0.00,0.00,0.00,0.00,0.00,0.00
MATRIX,0.00,0.00,0.00,0.00,0.00,0.00
KMJ,94.26,12.00,1.03,0.00,0.72,0.04
KMJ,38.96,42.86,0.99,18.19,0.03,0.02
KMJ,86.14,0.00,0.00,0.00,0.00,0.00
KMJ,31.88,6.83,2.63,0.98,28.70,6.82
KMJ,48.17,11.07,1.06,2.93,1.88,11.84
KMJ,48.18,7.12,1.82,13.75,1.19,0.95
KMJ,58.99,10.52,0.10,0.00,2.67,0.71
KMJ,48.18,13.91,0.00,8.89,0.03,0.00
KMJ,66.21,0.00,0.00,0.00,0.00,0.00
KMJ,57.00,0.00,1.02,6.98,0.03,0.00
KMJ,41.90,6.98,0.00,15.82,0.03,0.00
KMJ,41.19,6.81,0.00,15.99,0.03,0.00
KMJ,48.17,6.97,0.99,2.13,4.77,0.01
KMJ,48.17,1.93,0.02,0.94,4.03,2.20
KMJ,42.86,2.04,1.26,3.26,0.68,5.05
KMJ,33.06,13.04,1.28,0.01,0.96,4.73
KMJ,25.91,4.02,6.05,3.00,2.02,11.87
KMJ,35.08,8.00,0.31,2.90,3.94,1.74
KMJ,35.08,0.00,1.31,10.90,3.94,0.74
KMJ,44.87,1.93,0.00,0.00,0.26,0.00
KMJ,24.76,7.28,1.96,2.01,5.73,5.30
KMJ,44.85,1.93,0.00,0.00,0.26,0.00
KMJ,35.08,6.00,0.00,2.90,1.05,0.98
KMJ,42.17,1.92,0.00,0.00,0.26,0.00
KMJ,26.89,2.11,11.09,0.00,0.86,0.10
KMJ,0.00,0.00,0.00,41.02,0.00,0.00
KMJ,24.79,2.97,4.11,5.94,0.07,0.02
KMJ,24.77,0.90,8.03,0.03,1.12,2.89
KMJ,29.09,0.72,0.24,1.21,1.01,2.74
KMJ,25.90,0.81,3.01,1.21,4.00,0.02
KMJ,26.05,1.92,1.65,0.00,0.25,0.00
KMJ,26.88,1.92,0.00,0.00,0.26,0.00
KMJ,22.08,1.06,0.25,0.00,4.69,0.76
KMJ,24.91,1.25,0.00,0.99,0.00,0.70
KMJ,0.00,7.85,6.99,0.00,2.02,10.95
KMJ,3.19,6.81,1.02,15.99,0.03,0.00
KMJ,19.02,6.81,1.02,0.17,0.03,0.00
KMJ,19.89,4.04,0.00,2.02,0.01,0.00
KMJ,0.00,2.02,2.01,14.99,4.78,0.22
KMJ,0.00,9.23,3.03,7.87,0.83,0.85
KMJ,7.84,2.25,0.13,7.01,3.82,0.10
KMJ,0.00,2.74,3.12,14.12,1.09,0.06
KMJ,0.00,0.86,0.09,17.08,3.03,0.06
KMJ,0.00,21.03,0.00,0.00,0.00,0.00
KMJ,0.00,0.00,0.90,16.96,0.24,2.73
KMJ,1.14,11.98,0.00,4.96,0.96,0.00
KMJ,0.00,14.28,0.00,0.00,0.00,2.77
KMJ,4.87,2.02,0.00,9.14,0.00,0.00
KMJ,4.98,2.19,2.94,1.00,3.84,0.01
KMJ,0.00,0.00,0.00,14.06,0.00,0.00
KMJ,4.87,6.26,0.08,0.83,0.82,0.11
KMJ,0.01,1.92,0.00,10.13,0.26,0.00
KMJ,5.03,7.02,0.00,0.00,0.26,0.00
KMJ,0.00,4.77,2.94,0.00,3.27,0.77
KMJ,0.00,4.08,0.00,2.01,4.08,0.78
KMJ,0.00,5.00,1.09,2.08,0.94,0.04
KMJ,0.00,2.05,0.12,2.18,3.85,0.95
KMJ,7.02,0.00,0.00,0.00,0.02,0.00
KMJ,0.00,1.99,1.14,0.98,1.95,0.91
KMJ,0.00,0.26,1.02,1.03,0.96,2.77
KMJ,0.00,0.00,0.17,0.00,0.00,2.75
KMJ,0.00,2.20,0.00,0.00,0.00,0.00
KMJ,0.00,0.22,0.00,0.00,0.03,0.00
KMJ,0.00,0.00,0.00,0.00,0.00,0.00
KMJ,0.00,0.00,0.00,0.00,0.00,0.00
KMJ,0.00,0.00,0.00,0.00,0.00,0.00
KMJ,0.00,0.00,0.00,0.00,0.00,0.00
KMJ,0.00,0.00,0.00,0.00,0.00,0.00
KMJ,0.00,0.00,0.00,0.00,0.00,0.00
KMJ,0.00,0.00,0.00,0.00,0.00,0.00
KMJ,0.00,0.00,0.00,0.00,0.00,0.00
KMJ,0.00,0.00,0.00,0.00,0.00,0.00
FJORD,73.97,2.96,0.93,0.00,9.10,0.01
FJORD,0.00,4.79,3.48,47.85,5.16,0.65
FJORD,0.00,3.99,0.07,11.68,43.84,0.03
FJORD,23.04,5.15,14.97,11.33,0.09,4.81
FJORD,0.00,5.77,1.01,49.99,0.08,0.01
FJORD,0.55,1.07,36.77,12.84,3.24,0.03
FJORD,22.64,0.98,8.69,14.68,1.45,1.08
FJORD,0.00,2.07,0.30,43.35,3.12,0.64
FJORD,2.46,12.12,1.04,10.53,3.14,0.02
FJORD,0.00,0.00,0.00,45.42,0.00,0.00
FJORD,0.00,7.14,1.85,28.42,0.11,6.94
FJORD,0.00,6.44,0.15,0.00,33.66,2.76
FJORD,0.00,0.86,3.97,34.51,0.11,0.18
FJORD,0.00,1.00,3.94,34.51,0.02,0.16
FJORD,0.00,2.24,4.92,31.48,0.79,0.17
FJORD,0.00,3.10,1.10,32.55,0.03,0.21
FJORD,0.00,5.98,8.23,18.47,4.01,0.01
FJORD,0.00,5.97,3.19,24.43,3.07,0.01
FJORD,2.01,2.06,5.01,20.74,4.00,0.12
FJORD,2.25,0.00,0.02,25.08,3.01,0.97
FJORD,19.50,2.23,4.59,0.05,0.29,0.96
FJORD,19.03,0.00,2.14,0.68,0.88,3.91
FJORD,0.00,1.14,2.84,19.67,1.05,0.93
FJORD,0.00,0.00,1.27,20.93,1.90,1.04
FJORD,0.00,4.69,10.25,6.02,0.26,2.68
FJORD,0.00,9.02,4.19,6.81,1.86,0.89
FJORD,0.00,2.06,4.92,14.55,0.09,0.96
FJORD,0.00,0.49,0.36,19.74,0.47,1.00
FJORD,0.00,1.28,4.30,0.95,11.69,2.73
FJORD,0.00,0.99,7.96,10.97,0.19,0.73
FJORD,0.00,5.99,2.73,0.00,11.23,0.29
FJORD,5.47,5.64,2.95,1.74,2.95,1.17
FJORD,0.00,1.36,4.67,9.58,1.85,0.08
FJORD,0.00,0.00,3.58,0.00,11.10,1.06
FJORD,0.00,0.24,0.53,2.60,0.02,0.08
FJORD,0.00,1.87,6.73,0.00,4.23,2.17
FJORD,3.49,1.98,5.99,2.98,0.03,0.02
FJORD,0.07,3.21,1.22,2.08,2.54,4.07
FJORD,0.00,2.98,2.65,5.39,1.39,0.04
FJORD,0.10,5.79,3.00,0.00,2.30,0.79
FJORD,0.00,3.09,5.68,0.00,1.47,0.93
FJORD,0.00,0.99,3.10,4.13,0.52,0.08
FJORD,2.25,4.67,0.22,0.10,0.11,0.69
FJORD,0.00,4.93,0.00,0.00,0.01,0.20
FJORD,0.00,1.19,0.00,0.00,2.65,1.23
FJORD,0.00,4.27,0.00,0.00,0.08,0.25
FJORD,0.00,0.00,2.02,0.04,1.83,0.05
FJORD,0.00,0.00,0.75,0.00,0.00,0.00
FJORD,0.66,0.00,0.00,0.00,0.00,0.00
FJORD,0.00,0.00,0.00,0.00,0.00,0.00
FJORD,0.00,0.00,0.00,0.00,0.00,0.00
FJORD,0.00,0.00,0.00,0.00,0.00,0.00
FJORD,0.00,0.00,0.00,0.00,0.00,0.00
FJORD,0.00,0.00,0.00,0.00,0.00,0.00
FJORD,0.00,0.00,0.00,0.00,0.00,0.00
FJORD,0.00,0.00,0.00,0.00,0.00,0.00
FJORD,0.00,0.00,0.00,0.00,0.00,0.00
FJORD,0.00,0.00,0.00,0.00,0.00,0.00
FJORD,0.00,0.00,0.00,0.00,0.00,0.00
FJORD,0.00,0.00,0.00,0.00,0.00,0.00
FJORD,0.00,0.00,0.00,0.00,0.00,0.00
FJORD,0.00,0.00,0.00,0.00,0.00,0.00
FJORD,0.00,0.00,0.00,0.00,0.00,0.00
FJORD,0.00,0.00,0.00,0.00,0.00,0.00
ENT,67.76,6.23,1.03,0.00,0.92,6.11
ENT,53.78,9.90,5.16,5.99,0.07,7.14
ENT,67.78,0.95,0.03,0.94,1.21,11.14
ENT,46.95,0.00,5.85,17.10,0.00,6.31
ENT,68.91,0.00,0.00,0.00,0.00,1.07
ENT,68.90,0.00,0.00,0.00,0.00,1.07
ENT,40.77,7.27,5.85,0.98,0.88,12.20
ENT,53.78,6.01,0.12,0.02,0.96,6.04
ENT,39.79,0.00,9.98,7.24,0.00,9.70
ENT,33.10,7.19,0.11,16.11,0.66,5.20
ENT,27.87,23.17,0.00,6.08,0.70,3.15
ENT,0.00,0.96,0.26,40.85,0.99,11.66
ENT,49.80,0.00,0.00,0.00,0.00,0.00
ENT,0.00,0.98,0.00,42.80,4.16,0.80
ENT,0.00,1.15,0.00,41.86,4.92,0.80
ENT,0.00,0.00,0.00,44.36,3.75,0.63
ENT,0.02,35.08,0.03,7.02,1.91,4.19
ENT,39.97,2.05,0.01,0.00,0.94,4.85
ENT,41.11,0.92,0.08,0.00,0.95,4.77
ENT,39.97,2.05,0.00,0.00,1.03,4.76
ENT,26.84,2.82,0.16,7.10,0.15,3.70
ENT,0.00,2.76,0.26,27.01,5.19,5.54
ENT,23.77,0.00,0.07,3.01,0.98,10.13
ENT,21.80,2.97,0.06,2.91,2.23,5.75
ENT,21.80,1.98,2.11,0.94,4.02,4.89
ENT,20.00,4.16,0.80,2.08,2.85,4.03
ENT,14.13,0.98,1.10,7.00,4.92,5.79
ENT,0.00,7.71,0.13,20.10,0.05,5.77
ENT,17.83,0.88,0.00,2.04,3.13,3.84
ENT,0.00,1.25,0.00,0.00,0.00,0.00
ENT,0.00,11.77,9.01,0.96,0.00,5.30
ENT,0.84,0.00,0.00,0.00,13.17,12.94
ENT,0.95,12.08,0.07,0.00,3.85,9.92
ENT,12.96,0.21,3.28,0.83,4.73,4.73
ENT,12.79,7.96,0.00,0.02,0.00,4.95
ENT,2.86,6.40,0.05,0.93,0.76,13.78
ENT,3.04,1.23,0.22,7.72,0.83,11.75
ENT,0.00,0.00,0.00,23.12,0.00,0.00
ENT,0.82,2.90,0.01,7.02,4.10,6.89
ENT,7.93,0.00,0.08,2.82,3.16,7.72
ENT,7.91,0.00,0.84,2.82,3.18,6.95
ENT,7.91,0.67,0.08,2.14,0.00,10.89
ENT,7.91,2.04,0.00,0.07,0.70,10.97
ENT,16.75,0.00,0.00,0.00,0.01,4.94
ENT,7.91,0.97,6.05,1.10,0.75,4.91
ENT,7.91,0.02,0.00,2.12,0.67,10.97
ENT,7.91,2.05,9.94,0.77,0.00,1.03
ENT,7.79,0.03,0.00,0.00,1.13,12.75
ENT,7.91,0.02,0.20,2.80,0.00,10.77
ENT,5.86,3.00,0.09,5.97,0.00,4.88
ENT,3.78,0.19,0.01,0.99,0.88,11.91
ENT,3.93,2.82,0.00,10.00,0.28,0.70
ENT,0.00,6.15,0.00,3.06,0.89,5.87
ENT,0.00,6.04,1.11,1.96,1.05,4.11
ENT,0.00,13.93,0.00,0.00,0.00,0.00
ENT,0.00,0.00,0.00,13.93,0.00,0.00
ENT,0.00,13.78,0.00,0.15,0.00,0.00
ENT,0.00,2.25,0.00,0.81,0.00,10.73
ENT,0.00,12.73,0.00,0.00,0.04,0.91
ENT,0.03,2.17,2.01,0.00,4.87,4.11
ENT,0.00,2.17,0.93,0.00,5.91,4.16
ENT,0.00,11.18,0.00,1.92,0.00,0.00
ENT,0.00,8.24,0.00,0.94,3.91,0.00
ENT,0.00,1.28,0.00,9.19,2.63,0.00
ENT,0.00,12.98,0.00,0.03,0.08,0.00
ENT,0.00,2.55,0.00,10.46,0.07,0.00
ENT,0.00,0.99,0.00,1.02,10.08,0.91
ENT,0.00,0.00,0.00,9.26,2.82,0.91
ENT,0.00,12.70,0.00,0.00,0.00,0.00
ENT,6.89,0.06,0.00,0.00,4.91,0.00
ENT,4.88,1.24,0.00,0.83,4.82,0.00
ENT,0.00,0.00,0.00,1.18,0.00,8.99
ENT,0.00,0.00,0.00,9.04,0.00,0.00
ENT,0.94,6.92,0.00,0.00,0.00,0.00
ENT,0.00,2.99,2.85,1.03,0.99,0.00
ENT,0.00,4.00,0.01,6.19,0.01,2.94
ENT,0.00,0.00,0.00,6.94,0.00,0.00
ENT,0.00,4.09,0.00,1.91,0.00,0.03
ENT,0.00,1.23,0.04,6.00,2.88,2.97
ENT,1.94,0.00,0.00,0.00,0.00,0.00
ENT,0.00,0.00,0.00,0.00,0.00,1.07
ENT,0.00,0.00,0.00,0.00,0.00,0.00
ENT,0.00,0.00,0.00,0.00,0.00,0.00
ENT,0.00,0.00,0.00,0.00,0.00,0.00
ENT,0.00,0.00,0.00,0.00,0.00,0.00
ENT,0.00,0.00,0.00,0.00,0.00,0.00
ENT,0.00,0.00,0.00,0.00,0.00,0.00
ENT,0.00,0.00,0.00,0.00,0.00,0.00
ENT,0.00,0.00,0.00,0.00,0.00,0.00
ENT,0.00,0.00,0.00,0.00,0.00,0.00
ENT,0.00,0.00,0.00,0.00,0.00,0.00
ENT,0.00,0.00,0.00,0.00,0.00,0.00
ENT,0.00,0.00,0.00,0.00,0.00,0.00
ENT,0.00,0.00,0.00,0.00,0.00,0.00
ENT,0.00,0.00,0.00,0.00,0.00,0.00
DENALI,49.95,6.68,4.33,6.22,10.93,42.67
DENALI,45.09,4.05,6.30,4.01,5.74,54.94
DENALI,52.08,4.89,11.89,14.03,1.05,4.05
DENALI,37.98,6.12,0.00,4.97,38.08,0.79
DENALI,73.02,5.21,2.19,0.92,4.81,0.77
DENALI,0.01,0.00,4.16,75.91,0.07,3.70
DENALI,1.86,0.00,4.16,74.02,0.08,3.70
DENALI,1.92,0.00,1.18,74.94,0.99,0.00
DENALI,49.94,0.94,15.26,6.15,1.74,3.84
DENALI,54.82,6.21,0.00,5.98,5.84,1.04
DENALI,52.09,0.96,7.81,3.84,1.17,5.04
DENALI,52.08,7.30,0.05,4.77,1.97,4.74
DENALI,0.00,57.99,0.00,11.03,0.00,0.00
DENALI,38.06,28.41,0.00,0.00,0.00,0.00
DENALI,40.13,8.76,5.22,2.01,0.02,5.78
DENALI,40.04,6.09,5.89,2.02,2.10,5.78
DENALI,37.79,5.26,4.95,0.21,5.62,7.99
DENALI,0.00,45.17,0.00,5.01,0.02,10.84
DENALI,30.98,0.73,10.53,4.27,4.54,5.86
DENALI,30.83,7.81,4.58,7.85,1.03,4.67
DENALI,42.45,4.16,3.02,2.90,2.88,0.29
DENALI,41.13,7.04,0.23,1.80,0.31,4.71
DENALI,0.00,1.04,0.00,53.99,0.00,0.00
DENALI,0.00,10.15,0.00,41.80,0.00,0.00
DENALI,0.00,10.16,0.00,41.79,0.00,0.00
DENALI,0.00,2.06,8.08,25.88,5.11,6.05
DENALI,0.00,0.00,0.00,0.00,0.00,45.82
DENALI,34.96,4.02,1.19,1.10,0.90,0.65
DENALI,0.00,12.98,0.00,28.82,0.00,0.00
DENALI,0.00,0.00,13.27,0.00,18.75,6.78
DENALI,0.00,13.08,0.00,24.86,0.00,0.00
DENALI,19.05,6.05,0.00,0.91,1.10,7.92
DENALI,8.82,7.11,4.34,1.07,3.90,9.72
DENALI,1.94,14.26,1.20,7.95,4.73,4.74
DENALI,1.91,8.16,8.17,6.06,1.85,8.01
DENALI,1.07,14.05,1.96,6.14,1.02,9.92
DENALI,0.03,9.17,6.23,5.27,7.90,4.95
DENALI,6.90,6.11,0.00,18.09,1.12,0.68
DENALI,19.98,1.17,1.94,0.05,5.12,3.79
DENALI,0.00,13.91,0.00,14.91,0.00,0.00
DENALI,0.00,15.05,0.00,0.00,13.19,0.02
DENALI,0.00,0.85,0.20,20.00,7.08,0.06
DENALI,0.00,0.20,0.87,4.96,2.99,18.96
DENALI,0.00,0.00,14.88,0.00,8.77,4.12
DENALI,11.12,1.25,0.00,14.84,0.00,0.00
DENALI,0.00,2.11,0.00,17.71,4.97,0.83
DENALI,0.00,10.80,1.85,6.04,2.14,4.04
DENALI,15.77,5.03,1.98,0.92,0.14,0.71
DENALI,0.00,9.08,0.00,14.93,0.00,0.00
DENALI,0.00,2.07,0.00,6.08,11.87,2.14
DENALI,0.00,0.92,8.28,4.27,5.75,2.02
DENALI,1.07,9.97,0.00,9.06,0.00,1.02
DENALI,0.00,10.07,2.05,0.99,6.98,0.88
DENALI,20.89,0.00,0.00,0.00,0.00,0.00
DENALI,0.00,7.01,3.30,0.99,3.93,4.12
DENALI,0.00,4.82,0.00,0.00,7.17,7.00
DENALI,0.00,2.83,5.95,6.80,0.23,1.81
DENALI,0.00,1.94,5.05,7.05,0.23,2.72
DENALI,0.00,2.19,5.08,0.04,6.68,2.25
DENALI,0.00,13.85,0.00,0.00,2.18,0.00
DENALI,0.00,2.16,2.92,0.60,3.01,7.27
DENALI,0.00,1.24,5.08,0.00,7.66,1.45
DENALI,0.00,7.81,7.27,0.00,0.00,0.00
DENALI,0.91,0.10,1.52,0.00,6.24,6.06
DENALI,14.81,0.00,0.00,0.00,0.00,0.00
DENALI,0.00,2.98,0.04,3.23,8.41,0.00
DENALI,0.00,0.06,0.00,3.01,10.93,0.08
DENALI,0.00,13.17,0.00,0.89,0.00,0.00
DENALI,0.00,1.13,5.15,3.87,1.96,1.79
DENALI,0.00,0.00,12.17,0.00,1.04,0.08
DENALI,4.94,4.99,0.00,0.99,0.00,0.73
DENALI,5.65,1.85,0.00,0.11,0.00,3.95
DENALI,0.26,1.06,0.00,6.63,0.00,2.98
DENALI,0.00,9.87,0.00,0.90,0.00,0.00
DENALI,0.00,0.97,0.00,9.68,0.00,0.07
DENALI,0.04,4.75,0.00,2.15,1.18,1.05
DENALI,0.00,0.97,0.00,0.00,0.03,7.13
DENALI,0.00,0.10,1.04,0.15,0.98,5.79
DENALI,0.03,0.03,0.00,0.93,6.02,0.89
DENALI,0.00,0.00,0.00,6.91,0.00,0.00
DENALI,0.00,0.00,4.06,0.00,2.20,0.08
DENALI,0.00,0.01,0.14,1.02,1.07,3.75
DENALI,0.00,0.87,2.27,0.00,0.00,2.75
DENALI,0.01,0.00,3.16,2.84,1.28,1.81
DENALI,0.00,5.73,0.00,0.00,0.00,0.04
DENALI,0.00,3.27,0.74,0.00,0.00,0.00
DENALI,3.99,0.00,0.00,0.00,0.00,0.00
DENALI,0.00,3.89,0.00,0.00,0.00,0.00
DENALI,0.00,0.00,2.02,0.00,0.23,0.74
DENALI,0.00,1.03,0.00,0.00,0.00,1.83
DENALI,0.00,1.17,0.00,0.72,0.00,0.89
DENALI,0.00,0.00,2.05,0.00,0.30,0.00
DENALI,0.00,0.00,0.00,0.00,1.30,0.86
DENALI,0.00,1.93,0.00,0.09,0.00,0.00
DENALI,0.00,0.69,0.00,1.09,0.00,0.02
DENALI,0.00,0.01,0.08,0.14,0.94,0.00
DENALI,0.00,0.03,0.00,0.00,0.00,1.00
DENALI,0.98,0.01,0.00,0.00,0.00,0.00
DENALI,0.96,0.00,0.00,0.00,0.00,0.00
DENALI,0.00,0.94,0.00,0.00,0.00,0.00
DENALI,0.00,0.92,0.00,0.00,0.00,0.00
DENALI,0.00,0.90,0.00,0.00,0.00,0.00
DENALI,0.89,0.00,0.00,0.00,0.00,0.00
DENALI,0.86,0.00,0.00,0.00,0.00,0.00
DENALI,0.00,0.00,0.02,0.00,0.00,0.64
DENALI,0.00,0.17,0.00,0.00,0.00,0.01
DENALI,0.00,0.00,0.00,0.00,0.01,0.05
DENALI,0.00,0.04,0.00,0.00,0.00,0.01
DENALI,0.00,0.00,0.00,0.00,0.00,0.02
DENALI,0.00,0.00,0.00,0.00,0.00,0.00
DENALI,0.00,0.00,0.00,0.00,0.00,0.00
DENALI,0.00,0.00,0.00,0.00,0.00,0.00
DENALI,0.00,0.00,0.00,0.00,0.00,0.00
DENALI,0.00,0.00,0.00,0.00,0.00,0.00
DENALI,0.00,0.00,0.00,0.00,0.00,0.00
DENALI,0.00,0.00,0.00,0.00,0.00,0.00
DENALI,0.00,0.00,0.00,0.00,0.00,0.00
DENALI,0.00,0.00,0.00,0.00,0.00,0.00
DENALI,0.00,0.00,0.00,0.00,0.00,0.00
DENALI,0.00,0.00,0.00,0.00,0.00,0.00
DENALI,0.00,0.00,0.00,0.00,0.00,0.00
DENALI,0.00,0.00,0.00,0.00,0.00,0.00
DENALI,0.00,0.00,0.00,0.00,0.00,0.00
DENALI,0.00,0.00,0.00,0.00,0.00,0.00
DENALI,0.00,0.00,0.00,0.00,0.00,0.00
DENALI,0.00,0.00,0.00,0.00,0.00,0.00
DENALI,0.00,0.00,0.00,0.00,0.00,0.00
DENALI,0.00,0.00,0.00,0.00,0.00,0.00
DENALI,0.00,0.00,0.00,0.00,0.00,0.00
DENALI,0.00,0.00,0.00,0.00,0.00,0.00
DENALI,0.00,0.00,0.00,0.00,0.00,0.00
DENALI,0.00,0.00,0.00,0.00,0.00,0.00
DENALI,0.00,0.00,0.00,0.00,0.00,0.00
DENALI,0.00,0.00,0.00,0.00,0.00,0.00
DENALI,0.00,0.00,0.00,0.00,0.00,0.00
DENALI,0.00,0.00,0.00,0.00,0.00,0.00
DENALI,0.00,0.00,0.00,0.00,0.00,0.00
DENALI,0.00,0.00,0.00,0.00,0.00,0.00
DENALI,0.00,0.00,0.00,0.00,0.00,0.00
DENALI,0.00,0.00,0.00,0.00,0.00,0.00
DENALI,0.00,0.00,0.00,0.00,0.00,0.00
DENALI,0.00,0.00,0.00,0.00,0.00,0.00
DENALI,0.00,0.00,0.00,0.00,0.00,0.00
DENALI,0.00,0.00,0.00,0.00,0.00,0.00
DENALI,0.00,0.00,0.00,0.00,0.00,0.00
DENALI,0.00,0.00,0.00,0.00,0.00,0.00
DENALI,0.00,0.00,0.00,0.00,0.00,0.00
DENALI,0.00,0.00,0.00,0.00,0.00,0.00
DENALI,0.00,0.00,0.00,0.00,0.00,0.00
DENALI,0.00,0.00,0.00,0.00,0.00,0.00
DENALI,0.00,0.00,0.00,0.00,0.00,0.00
DENALI,0.00,0.00,0.00,0.00,0.00,0.00
DENALI,0.00,0.00,0.00,0.00,0.00,0.00
DENALI,0.00,0.00,0.00,0.00,0.00,0.00
DENALI,0.00,0.00,0.00,0.00,0.00,0.00
DENALI,0.00,0.00,0.00,0.00,0.00,0.00
DENALI,0.00,0.00,0.00,0.00,0.00,0.00
DENALI,0.00,0.00,0.00,0.00,0.00,0.00
DENALI,0.00,0.00,0.00,0.00,0.00,0.00
DENALI,0.00,0.00,0.00,0.00,0.00,0.00
DENALI,0.00,0.00,0.00,0.00,0.00,0.00
DENALI,0.00,0.00,0.00,0.00,0.00,0.00
DENALI,0.00,0.00,0.00,0.00,0.00,0.00
DENALI,0.00,0.00,0.00,0.00,0.00,0.00
DENALI,0.00,0.00,0.00,0.00,0.00,0.00
DENALI,0.00,0.00,0.00,0.00,0.00,0.00
DENALI,0.00,0.00,0.00,0.00,0.00,0.00
DENALI,0.00,0.00,0.00,0.00,0.00,0.00
DENALI,0.00,0.00,0.00,0.00,0.00,0.00
DENALI,0.00,0.00,0.00,0.00,0.00,0.00
DENALI,0.00,0.00,0.00,0.00,0.00,0.00
DENALI,0.00,0.00,0.00,0.00,0.00,0.00
DENALI,0.00,0.00,0.00,0.00,0.00,0.00
DENALI,0.00,0.00,0.00,0.00,0.00,0.00
DENALI,0.00,0.00,0.00,0.00,0.00,0.00
DENALI,0.00,0.00,0.00,0.00,0.00,0.00
DENALI,0.00,0.00,0.00,0.00,0.00,0.00
DENALI,0.00,0.00,0.00,0.00,0.00,0.00
DENALI,0.00,0.00,0.00,0.00,0.00,0.00
DENALI,0.00,0.00,0.00,0.00,0.00,0.00
DENALI,0.00,0.00,0.00,0.00,0.00,0.00
DENALI,0.00,0.00,0.00,0.00,0.00,0.00
DENALI,0.00,0.00,0.00,0.00,0.00,0.00
DENALI,0.00,0.00,0.00,0.00,0.00,0.00
DENALI,0.00,0.00,0.00,0.00,0.00,0.00
DENALI,0.00,0.00,0.00,0.00,0.00,0.00
DENALI,0.00,0.00,0.00,0.00,0.00,0.00
DENALI,0.00,0.00,0.00,0.00,0.00,0.00
DENALI,0.00,0.00,0.00,0.00,0.00,0.00
CONFIG,0.00,43.03,0.00,0.00,26.36,0.00
CONFIG,0.00,42.02,0.00,0.00,26.36,0.00
CONFIG,6.26,35.75,0.00,0.00,26.36,0.00
CONFIG,0.00,7.70,0.10,1.23,0.00,43.22
CONFIG,41.22,0.00,0.00,0.00,4.91,0.08
CONFIG,7.31,35.69,2.01,0.00,0.00,0.23
CONFIG,0.00,4.25,0.00,1.01,0.00,38.05
CONFIG,0.00,3.72,2.92,5.29,0.00,31.38
CONFIG,0.00,4.76,0.00,13.24,21.19,0.00
CONFIG,0.03,0.00,1.98,4.01,29.01,0.00
CONFIG,0.00,31.08,0.00,0.00,2.90,0.00
CONFIG,0.77,0.06,1.97,24.03,0.98,4.01
CONFIG,0.76,0.06,1.13,24.03,0.98,4.84
CONFIG,0.75,0.06,1.02,24.03,2.12,3.82
CONFIG,0.00,0.06,0.97,24.03,2.12,3.87
CONFIG,0.00,27.99,2.01,0.00,0.00,0.23
CONFIG,1.00,22.21,7.01,0.00,0.00,0.00
CONFIG,0.00,0.00,4.88,9.17,6.92,6.01
CONFIG,0.00,0.00,0.20,9.17,11.81,5.82
CONFIG,0.00,5.84,0.01,0.00,0.00,7.00
CONFIG,0.00,3.13,0.85,0.00,0.00,21.02
CONFIG,0.00,2.02,0.00,3.98,3.94,15.05
CONFIG,0.00,0.00,0.06,0.00,18.15,5.86
CONFIG,12.13,0.00,1.01,0.90,0.31,8.64
CONFIG,13.15,0.00,1.75,0.85,6.28,0.01
CONFIG,3.91,0.00,7.05,0.00,10.03,0.06
CONFIG,0.00,0.00,0.00,0.00,8.20,12.72
CONFIG,4.00,1.00,0.00,0.00,0.00,13.97
CONFIG,0.00,1.15,0.03,1.00,0.00,12.79
CONFIG,0.96,0.81,0.00,0.00,0.00,13.01
CONFIG,0.00,1.98,0.00,1.01,1.01,10.16
CONFIG,0.80,0.00,1.21,0.00,5.99,5.75
CONFIG,0.80,0.00,1.20,0.00,5.99,5.77
CONFIG,0.00,7.96,0.00,0.00,5.09,0.00
CONFIG,0.00,0.84,0.76,0.00,5.19,6.14
CONFIG,0.00,7.00,0.00,0.00,0.00,5.84
CONFIG,0.00,0.00,0.00,12.84,0.00,0.00
CONFIG,0.00,0.09,3.94,0.10,1.15,6.82
CONFIG,0.00,0.09,3.97,0.10,1.15,6.80
CONFIG,0.00,4.00,0.98,0.00,0.00,5.17
CONFIG,0.00,6.93,0.00,0.00,2.91,0.00
CONFIG,0.00,6.94,0.00,0.00,2.90,0.00
CONFIG,0.00,5.20,0.00,1.94,2.11,0.00
CONFIG,0.00,0.00,5.18,0.00,0.06,2.85
CONFIG,0.00,0.00,5.24,0.00,0.06,2.78
CONFIG,0.00,0.00,0.00,4.77,3.06,0.21
CONFIG,0.00,1.93,0.00,0.00,0.00,5.20
CONFIG,0.00,0.01,2.01,0.10,0.16,4.78
CONFIG,0.00,1.89,0.00,1.23,0.00,3.88
CONFIG,0.00,0.00,4.14,0.00,1.21,0.74
CONFIG,0.00,0.87,1.02,0.00,0.00,4.10
CONFIG,0.00,5.04,0.00,0.00,0.92,0.00
CONFIG,0.00,1.03,3.99,0.00,0.00,0.16
CONFIG,0.00,0.00,0.22,0.00,0.06,4.82
CONFIG,0.00,0.00,1.25,0.00,0.05,3.79
CONFIG,0.00,3.00,0.97,0.00,0.00,0.16
CONFIG,0.00,0.00,0.18,0.00,0.00,3.92
CONFIG,0.00,0.00,0.00,0.00,0.00,0.00
CONFIG,0.00,0.00,0.00,0.00,0.00,0.00
CONFIG,0.00,0.00,0.00,0.00,0.00,0.00
CONFIG,0.00,0.00,0.00,0.00,0.00,0.00
CONFIG,0.00,0.00,0.00,0.00,0.00,0.00
CONFIG,0.00,0.00,0.00,0.00,0.00,0.00
CONFIG,0.00,0.00,0.00,0.00,0.00,0.00
BR,69.34,1.85,0.00,35.71,6.98,0.00
BR,56.03,0.12,0.00,0.00,0.90,0.00
BR,3.77,1.81,0.00,2.99,4.15,22.13
BR,0.00,8.00,2.74,0.00,16.00,0.05
BR,0.00,0.00,2.97,0.00,21.02,0.05
BR,0.00,1.71,0.00,0.00,17.22,0.00
BR,0.75,3.92,0.00,0.00,14.22,0.00
BR,0.00,14.96,0.00,0.00,3.69,0.00
BR,0.00,1.83,0.00,0.00,0.00,0.02
BR,7.06,1.99,0.00,0.00,5.65,0.00
BR,6.96,1.36,0.00,0.00,5.65,0.00
BR,0.00,9.15,0.00,0.00,4.74,0.00
BR,0.00,0.03,0.00,0.00,5.98,0.00
BR,0.00,4.93,7.00,0.00,0.01,0.00
BR,0.00,0.00,0.00,0.00,10.81,0.01
BR,0.00,0.00,0.00,0.00,10.01,0.25
BR,0.00,9.95,0.00,0.00,0.01,0.00
BR,0.00,9.95,0.00,0.00,0.00,0.00
BR,8.00,0.00,0.00,0.00,1.00,0.00
BR,4.80,0.28,0.00,0.00,3.68,0.00
BR,0.00,7.73,0.00,0.00,0.00,0.00
BR,0.00,0.32,0.00,0.00,6.76,0.00
BR,0.00,0.00,4.98,0.00,0.00,0.02
BR,0.00,0.00,0.00,0.00,7.01,0.00
BR,2.03,0.00,0.00,0.30,4.66,0.00
BR,0.00,1.07,2.05,0.00,3.72,0.00
BR,0.00,0.82,0.70,0.00,0.22,5.07
BR,0.00,2.75,0.00,0.00,4.06,0.00
BR,0.00,1.68,5.03,0.00,0.04,0.00
BR,0.00,0.00,0.00,6.15,0.06,0.00
BR,0.00,0.00,0.06,0.00,0.00,6.03
BR,0.00,1.00,0.00,0.00,4.99,0.01
BR,0.00,3.05,0.00,0.00,2.95,0.00
BR,0.00,0.97,2.05,0.00,2.75,0.00
BR,0.00,2.07,0.00,0.00,3.14,0.00
BR,0.00,0.00,2.03,0.00,2.99,0.01
BR,0.00,1.00,0.00,0.00,3.74,0.00
BR,0.00,0.00,2.05,0.00,2.56,0.00
BR,0.00,0.00,2.05,0.00,2.56,0.00
BR,0.00,2.89,0.00,0.00,1.72,0.00
BR,0.00,2.90,0.00,0.00,1.71,0.00
BR,0.00,1.01,0.00,0.00,3.06,0.00
BR,0.00,0.30,0.00,0.00,3.65,0.00
BR,0.00,0.00,3.00,0.00,0.00,0.00
BR,0.00,0.00,2.84,0.00,0.00,0.00
BR,0.00,0.00,0.00,0.00,2.84,0.00
BR,0.00,0.00,0.00,0.00,2.83,0.01
BR,0.00,2.76,0.00,0.00,0.00,0.00
BR,0.00,0.00,0.00,0.00,2.67,0.00
BR,0.00,1.28,0.00,0.95,0.00,0.00
BR,0.00,2.03,0.00,0.00,0.00,0.00
BR,0.00,0.03,0.64,0.00,0.03,0.00
BR,0.00,0.00,0.00,0.00,0.02,0.00
BR,0.00,0.00,0.00,0.00,0.00,0.00
BR,0.00,0.00,0.00,0.00,0.00,0.00
BR,0.00,0.00,0.00,0.00,0.00,0.00
BR,0.00,0.00,0.00,0.00,0.00,0.00
BR,0.00,0.00,0.00,0.00,0.00,0.00
BR,0.00,0.00,0.00,0.00,0.00,0.00
BR,0.00,0.00,0.00,0.00,0.00,0.00
BR,0.00,0.00,0.00,0.00,0.00,0.00
BR,0.00,0.00,0.00,0.00,0.00,0.00
BR,0.00,0.00,0.00,0.00,0.00,0.00
BR,0.00,0.00,0.00,0.00,0.00,0.00
BR,0.00,0.00,0.00,0.00,0.00,0.00
BR,0.00,0.00,0.00,0.00,0.00,0.00
BR,0.00,0.00,0.00,0.00,0.00,0.00
BR,0.00,0.00,0.00,0.00,0.00,0.00
BR,0.00,0.00,0.00,0.00,0.00,0.00
BR,0.00,0.00,0.00,0.00,0.00,0.00
BR,0.00,0.00,0.00,0.00,0.00,0.00
BR,0.00,0.00,0.00,0.00,0.00,0.00
BR,0.00,0.00,0.00,0.00,0.00,0.00
BR,0.00,0.00,0.00,0.00,0.00,0.00
BR,0.00,0.00,0.00,0.00,0.00,0.00
BR,0.00,0.00,0.00,0.00,0.00,0.00
BR,0.00,0.00,0.00,0.00,0.00,0.00
BR,0.00,0.00,0.00,0.00,0.00,0.00
BR,0.00,0.00,0.00,0.00,0.00,0.00
BR,0.00,0.00,0.00,0.00,0.00,0.00
BR,0.00,0.00,0.00,0.00,0.00,0.00
BR,0.00,0.00,0.00,0.00,0.00,0.00
BR,0.00,0.00,0.00,0.00,0.00,0.00
BR,0.00,0.00,0.00,0.00,0.00,0.00
BR,0.00,0.00,0.00,0.00,0.00,0.00
BR,0.00,0.00,0.00,0.00,0.00,0.00
BR,0.00,0.00,0.00,0.00,0.00,0.00
BR,0.00,0.00,0.00,0.00,0.00,0.00
BR,0.00,0.00,0.00,0.00,0.00,0.00
BR,0.00,0.00,0.00,0.00,0.00,0.00
BR,0.00,0.00,0.00,0.00,0.00,0.00
BR,0.00,0.00,0.00,0.00,0.00,0.00
BR,0.00,0.00,0.00,0.00,0.00,0.00
BR,0.00,0.00,0.00,0.00,0.00,0.00
BR,0.00,0.00,0.00,0.00,0.00,0.00
BR,0.00,0.00,0.00,0.00,0.00,0.00
BR,0.00,0.00,0.00,0.00,0.00,0.00
BASECAMP,1.23,0.82,0.00,0.00,42.95,4.05
BASECAMP,0.00,4.28,0.00,0.00,30.69,4.21
BASECAMP,0.00,13.04,0.76,0.00,18.31,0.61
BASECAMP,0.00,0.01,0.00,0.24,7.01,23.72
BASECAMP,0.00,17.92,0.10,0.00,2.12,4.93
BASECAMP,0.91,3.03,1.26,2.94,0.25,16.66
BASECAMP,0.00,15.19,0.48,0.00,7.25,0.06
BASECAMP,0.06,4.91,6.65,0.00,0.07,10.01
BASECAMP,0.00,3.29,2.70,0.00,3.97,10.38
BASECAMP,0.00,13.00,5.95,0.00,0.00,0.05
BASECAMP,5.00,1.40,0.25,0.00,11.24,1.09
BASECAMP,0.00,5.79,1.23,0.00,10.04,1.62
BASECAMP,0.00,7.97,0.23,0.00,4.06,5.92
BASECAMP,0.00,11.03,4.91,0.00,0.00,2.05
BASECAMP,0.00,9.10,0.00,2.99,2.15,2.92
BASECAMP,0.00,9.27,0.09,0.00,4.96,2.72
BASECAMP,0.00,14.00,2.91,0.00,0.00,0.05
BASECAMP,0.00,7.00,3.09,0.00,0.00,6.87
BASECAMP,0.00,2.76,0.04,0.00,12.54,0.44
BASECAMP,1.81,7.00,0.00,0.00,6.95,0.00
BASECAMP,0.10,0.12,0.00,0.00,14.78,0.04
BASECAMP,0.00,14.04,0.00,0.00,0.00,0.00
BASECAMP,0.00,0.00,0.00,14.00,0.00,0.00
BASECAMP,0.00,0.00,2.84,5.89,4.40,0.00
BASECAMP,0.00,1.82,2.33,0.00,3.83,5.04
BASECAMP,0.00,2.07,0.00,0.00,9.30,1.51
BASECAMP,0.00,5.82,0.00,0.00,6.38,0.63
BASECAMP,0.00,6.95,3.99,0.00,0.04,1.19
BASECAMP,0.00,6.95,3.16,0.00,1.06,0.06
BASECAMP,0.00,1.00,3.20,0.00,0.00,6.97
BASECAMP,0.00,1.02,3.91,0.00,4.14,1.87
BASECAMP,0.00,4.21,0.87,0.00,0.00,5.08
BASECAMP,0.00,6.26,2.56,0.00,1.07,0.11
BASECAMP,0.00,0.01,3.23,0.00,3.75,2.72
BASECAMP,0.85,2.25,0.01,0.00,5.86,0.18
BASECAMP,0.00,7.96,0.27,0.00,0.00,0.79
BASECAMP,0.00,1.06,0.00,0.09,5.96,1.89
BASECAMP,0.00,4.72,1.16,0.00,2.12,0.72
BASECAMP,0.95,7.07,0.00,0.00,0.00,0.00
BASECAMP,0.00,0.25,0.31,0.00,4.73,2.66
BASECAMP,0.00,2.04,3.17,0.00,1.98,0.73
BASECAMP,0.00,7.02,0.43,0.00,0.29,0.06
BASECAMP,0.00,0.94,0.00,0.00,0.10,6.30
BASECAMP,0.00,2.02,0.71,0.00,0.46,3.95
BASECAMP,0.00,0.00,2.94,0.00,4.08,0.05
BASECAMP,0.00,4.05,2.02,0.00,0.29,0.63
BASECAMP,0.00,0.99,5.13,0.00,0.00,0.79
BASECAMP,0.00,0.83,0.08,0.00,4.94,0.95
BASECAMP,0.00,5.00,0.04,0.00,0.33,0.68
BASECAMP,0.00,0.08,0.00,0.00,0.91,4.22
BASECAMP,0.00,1.09,0.96,0.00,0.00,3.09
BASECAMP,0.00,0.03,0.02,0.00,4.10,0.93
BASECAMP,0.00,1.02,2.94,0.00,0.00,1.00
BASECAMP,0.00,1.42,0.00,0.00,0.57,2.17
BASECAMP,0.00,0.93,2.92,0.00,0.00,0.12
BASECAMP,0.13,1.71,0.23,0.00,0.93,0.79
BASECAMP,0.00,0.00,0.00,0.00,0.00,3.03
BASECAMP,0.00,0.00,0.00,1.00,0.00,0.95
BASECAMP,0.00,0.00,0.00,0.00,0.00,0.74
BASECAMP,0.00,0.01,0.00,0.00,0.00,0.01
BASECAMP,0.00,0.00,0.00,0.00,0.00,0.00
BASECAMP,0.00,0.00,0.00,0.00,0.00,0.00
BASECAMP,0.00,0.00,0.00,0.00,0.00,0.00
BASECAMP,0.00,0.00,0.00,0.00,0.00,0.00
BASECAMP,0.00,0.00,0.00,0.00,0.00,0.00
BASECAMP,0.00,0.00,0.00,0.00,0.00,0.00
BASECAMP,0.00,0.00,0.00,0.00,0.00,0.00
BASECAMP,0.00,0.00,0.00,0.00,0.00,0.00
BASECAMP,0.00,0.00,0.00,0.00,0.00,0.00
BASECAMP,0.00,0.00,0.00,0.00,0.00,0.00
BASECAMP,0.00,0.00,0.00,0.00,0.00,0.00
BASECAMP,0.00,0.00,0.00,0.00,0.00,0.00
BASECAMP,0.00,0.00,0.00,0.00,0.00,0.00
BASECAMP,0.00,0.00,0.00,0.00,0.00,0.00
BASECAMP,0.00,0.00,0.00,0.00,0.00,0.00
BASECAMP,0.00,0.00,0.00,0.00,0.00,0.00
BASECAMP,0.00,0.00,0.00,0.00,0.00,0.00
BASECAMP,0.00,0.00,0.00,0.00,0.00,0.00
BASECAMP,0.00,0.00,0.00,0.00,0.00,0.00
BASECAMP,0.00,0.00,0.00,0.00,0.00,0.00
BASECAMP,0.00,0.00,0.00,0.00,0.00,0.00
BASECAMP,0.00,0.00,0.00,0.00,0.00,0.00
BASECAMP,0.00,0.00,0.00,0.00,0.00,0.00
BASECAMP,0.00,0.00,0.00,0.00,0.00,0.00
BASECAMP,0.00,0.00,0.00,0.00,0.00,0.00
BASECAMP,0.00,0.00,0.00,0.00,0.00,0.00
BASECAMP,0.00,0.00,0.00,0.00,0.00,0.00
BASECAMP,0.00,0.00,0.00,0.00,0.00,0.00
BASECAMP,0.00,0.00,0.00,0.00,0.00,0.00
BASECAMP,0.00,0.00,0.00,0.00,0.00,0.00
BASECAMP,0.00,0.00,0.00,0.00,0.00,0.00
BASECAMP,0.00,0.00,0.00,0.00,0.00,0.00
BASECAMP,0.00,0.00,0.00,0.00,0.00,0.00
BASECAMP,0.00,0.00,0.00,0.00,0.00,0.00
BASECAMP,0.00,0.00,0.00,0.00,0.00,0.00
BASECAMP,0.00,0.00,0.00,0.00,0.00,0.00
BASECAMP,0.00,0.00,0.00,0.00,0.00,0.00
BASECAMP,0.00,0.00,0.00,0.00,0.00,0.00
BASECAMP,0.00,0.00,0.00,0.00,0.00,0.00
BASECAMP,0.00,0.00,0.00,0.00,0.00,0.00
BASECAMP,0.00,0.00,0.00,0.00,0.00,0.00
BASECAMP,0.00,0.00,0.00,0.00,0.00,0.00
BADLANDS,0.00,69.99,0.14,29.04,4.80,2.81
BADLANDS,0.00,30.85,0.00,25.03,8.27,1.76
BADLANDS,0.00,0.00,0.11,0.00,0.12,3.70
BADLANDS,0.00,1.80,48.35,0.00,0.22,7.51
BADLANDS,3.24,28.77,13.01,0.00,0.00,1.00
BADLANDS,0.00,19.32,0.15,3.79,5.65,2.15
BADLANDS,0.00,1.95,0.00,22.04,0.85,6.22
BADLANDS,0.00,0.85,0.90,23.09,5.14,1.08
BADLANDS,0.70,16.21,0.90,0.11,5.87,2.94
BADLANDS,0.00,2.09,5.16,12.81,0.87,0.75
BADLANDS,0.00,15.94,5.20,0.00,0.00,0.00
BADLANDS,0.00,3.62,2.75,13.85,0.60,0.01
BADLANDS,0.00,0.97,0.77,9.82,4.31,4.94
BADLANDS,0.00,3.99,0.03,10.80,2.25,3.75
BADLANDS,0.00,0.07,0.02,10.05,5.75,4.92
BADLANDS,0.00,1.84,2.84,15.94,0.18,0.01
BADLANDS,0.00,12.88,1.03,0.66,1.29,4.67
BADLANDS,0.00,10.03,0.05,0.00,4.01,5.68
BADLANDS,0.00,4.79,0.00,0.00,0.00,0.00
BADLANDS,0.00,18.09,0.00,0.00,0.00,0.00
BADLANDS,0.00,3.90,0.00,0.89,10.08,2.97
BADLANDS,0.00,0.17,0.03,10.15,3.92,1.83
BADLANDS,0.00,0.00,0.00,15.81,0.00,0.00
BADLANDS,0.00,1.84,4.09,7.97,0.17,1.71
BADLANDS,1.02,0.00,0.00,13.81,0.00,0.00
BADLANDS,0.00,2.22,0.00,0.76,7.93,3.05
BADLANDS,0.00,12.91,0.06,0.00,0.85,0.09
BADLANDS,0.00,1.88,0.91,7.93,0.09,3.00
BADLANDS,0.00,3.84,0.00,9.19,0.01,0.12
BADLANDS,0.00,1.90,0.00,0.15,5.02,5.94
BADLANDS,0.00,4.93,0.00,0.00,7.09,0.98
BADLANDS,0.00,5.17,0.22,0.00,0.79,6.75
BADLANDS,0.00,1.39,0.77,0.00,4.26,6.17
BADLANDS,0.00,3.96,0.83,0.00,2.19,5.12
BADLANDS,1.06,0.00,0.00,0.00,9.97,0.98
BADLANDS,0.00,2.26,0.92,0.00,5.99,2.80
BADLANDS,0.00,0.97,5.16,0.00,1.02,4.82
BADLANDS,0.98,4.98,1.03,0.00,1.98,3.00
BADLANDS,0.00,1.68,0.16,0.00,3.80,5.84
BADLANDS,0.00,3.09,0.77,0.00,1.20,6.14
BADLANDS,0.00,1.00,0.07,0.00,4.18,5.78
BADLANDS,0.00,1.29,0.01,0.00,4.03,5.67
BADLANDS,0.00,2.92,0.36,0.00,7.62,0.07
BADLANDS,0.00,2.92,0.15,0.00,7.84,0.05
BADLANDS,3.80,1.15,0.73,0.00,2.12,3.01
BADLANDS,0.00,3.06,1.04,0.00,1.17,4.74
BADLANDS,0.00,0.27,0.14,3.17,1.70,4.69
BADLANDS,0.00,3.82,0.00,0.00,1.13,4.86
BADLANDS,0.00,0.00,0.11,7.90,0.23,0.91
BADLANDS,0.00,0.81,0.00,0.00,0.05,8.22
BADLANDS,0.89,0.28,0.03,0.00,0.90,6.77
BADLANDS,0.00,1.02,0.86,0.00,2.12,4.14
BADLANDS,0.00,1.00,0.18,0.00,0.98,5.96
BADLANDS,0.00,4.04,0.03,0.75,3.19,0.01
BADLANDS,0.76,5.73,0.26,0.26,0.94,0.04
BADLANDS,0.22,1.78,0.14,0.00,4.07,1.75
BADLANDS,0.00,0.12,7.80,0.00,0.00,0.00
BADLANDS,0.00,2.03,0.12,0.14,4.89,0.73
BADLANDS,0.00,0.78,0.72,0.00,0.13,6.26
BADLANDS,0.00,0.29,1.03,1.94,3.84,0.78
BADLANDS,0.00,1.70,0.02,0.00,4.26,1.72
BADLANDS,0.00,1.95,0.14,0.00,1.07,3.95
BADLANDS,0.00,3.95,0.07,0.89,0.16,2.04
BADLANDS,0.00,1.02,0.02,0.00,1.19,4.80
BADLANDS,0.00,4.02,0.02,0.68,1.15,1.17
BADLANDS,0.00,0.25,2.68,0.00,4.04,0.01
BADLANDS,0.00,0.00,0.04,0.00,2.14,4.65
BADLANDS,0.00,0.66,0.02,0.27,1.16,4.68
BADLANDS,0.00,1.30,0.08,0.71,1.88,2.76
BADLANDS,0.18,0.00,4.95,1.02,0.00,0.00
BADLANDS,0.00,4.02,0.01,0.00,0.22,1.84
BADLANDS,0.00,3.93,0.72,0.29,1.07,0.01
BADLANDS,0.00,3.30,0.01,0.00,0.79,1.89
BADLANDS,0.00,0.92,3.92,0.00,1.06,0.08
BADLANDS,0.00,1.81,1.09,0.00,0.25,2.67
BADLANDS,0.00,3.75,0.05,0.00,1.13,0.84
BADLANDS,0.00,1.23,0.01,0.00,1.51,2.98
BADLANDS,0.00,5.13,0.00,0.00,0.11,0.00
BADLANDS,0.00,0.98,0.00,0.00,0.02,4.19
BADLANDS,0.00,0.97,2.86,0.00,0.36,0.99
BADLANDS,0.00,2.89,0.07,0.00,1.18,0.98
BADLANDS,0.00,1.01,0.19,0.00,1.11,0.93
BADLANDS,0.00,1.00,0.23,0.00,1.11,0.88
BADLANDS,0.04,1.09,0.14,0.00,1.05,0.89
BADLANDS,0.00,1.84,0.00,1.18,0.00,0.05
BADLANDS,0.00,0.37,0.17,0.00,0.75,0.94
BADLANDS,0.00,1.54,0.00,0.00,0.57,0.00
BADLANDS,0.00,0.82,0.00,0.08,0.08,0.17
BADLANDS,0.70,0.37,0.00,0.00,0.00,0.00
BADLANDS,0.00,1.05,0.00,0.00,0.00,0.00
BADLANDS,0.00,0.00,0.09,0.00,0.84,0.04
BADLANDS,0.00,0.00,0.09,0.00,0.85,0.03
BADLANDS,0.00,0.00,0.00,0.00,0.00,0.00
BADLANDS,0.00,0.00,0.00,0.00,0.00,0.00
BADLANDS,0.00,0.00,0.00,0.00,0.00,0.00
BADLANDS,0.00,0.00,0.00,0.00,0.00,0.00
BADLANDS,0.00,0.00,0.00,0.00,0.00,0.00
BADLANDS,0.00,0.00,0.00,0.00,0.00,0.00
BADLANDS,0.00,0.00,0.00,0.00,0.00,0.00
BADLANDS,0.00,0.00,0.00,0.00,0.00,0.00
BADLANDS,0.00,0.00,0.00,0.00,0.00,0.00
BADLANDS,0.00,0.00,0.00,0.00,0.00,0.00
BADLANDS,0.00,0.00,0.00,0.00,0.00,0.00
BADLANDS,0.00,0.00,0.00,0.00,0.00,0.00
BADLANDS,0.00,0.00,0.00,0.00,0.00,0.00
BADLANDS,0.00,0.00,0.00,0.00,0.00,0.00
BADLANDS,0.00,0.00,0.00,0.00,0.00,0.00
BADLANDS,0.00,0.00,0.00,0.00,0.00,0.00
BADLANDS,0.00,0.00,0.00,0.00,0.00,0.00
BADLANDS,0.00,0.00,0.00,0.00,0.00,0.00
BADLANDS,0.00,0.00,0.00,0.00,0.00,0.00
BADLANDS,0.00,0.00,0.00,0.00,0.00,0.00
BADLANDS,0.00,0.00,0.00,0.00,0.00,0.00
BADLANDS,0.00,0.00,0.00,0.00,0.00,0.00
BADLANDS,0.00,0.00,0.00,0.00,0.00,0.00
BADLANDS,0.00,0.00,0.00,0.00,0.00,0.00
BADLANDS,0.00,0.00,0.00,0.00,0.00,0.00
BADLANDS,0.00,0.00,0.00,0.00,0.00,0.00
BADLANDS,0.00,0.00,0.00,0.00,0.00,0.00
BADLANDS,0.00,0.00,0.00,0.00,0.00,0.00
BADLANDS,0.00,0.00,0.00,0.00,0.00,0.00
BADLANDS,0.00,0.00,0.00,0.00,0.00,0.00
BADLANDS,0.00,0.00,0.00,0.00,0.00,0.00
BADLANDS,0.00,0.00,0.00,0.00,0.00,0.00
BADLANDS,0.00,0.00,0.00,0.00,0.00,0.00
BADLANDS,0.00,0.00,0.00,0.00,0.00,0.00
BADLANDS,0.00,0.00,0.00,0.00,0.00,0.00
BADLANDS,0.00,0.00,0.00,0.00,0.00,0.00
BADLANDS,0.00,0.00,0.00,0.00,0.00,0.00
BADLANDS,0.00,0.00,0.00,0.00,0.00,0.00
BADLANDS,0.00,0.00,0.00,0.00,0.00,0.00
BADLANDS,0.00,0.00,0.00,0.00,0.00,0.00
BADLANDS,0.00,0.00,0.00,0.00,0.00,0.00
BADLANDS,0.00,0.00,0.00,0.00,0.00,0.00
BADLANDS,0.00,0.00,0.00,0.00,0.00,0.00
ASSESS,102.92,0.04,0.14,0.92,1.09,10.91
ASSESS,69.85,8.06,3.08,4.99,2.94,7.00
ASSESS,0.00,0.00,0.00,61.97,0.00,0.00
ASSESS,26.98,3.01,0.00,59.95,0.00,0.12
ASSESS,0.00,0.00,0.00,88.93,0.00,0.00
ASSESS,0.00,0.00,0.00,49.02,0.00,0.00
ASSESS,26.98,1.36,37.90,4.87,7.01,3.79
ASSESS,0.00,0.11,2.12,71.91,3.79,3.96
ASSESS,78.14,0.00,0.00,0.00,0.00,0.00
ASSESS,0.10,6.05,0.04,10.81,47.18,13.75
ASSESS,0.10,6.98,50.09,3.83,4.18,12.70
ASSESS,0.00,0.00,0.00,71.96,1.97,0.00
ASSESS,0.00,2.02,0.00,69.94,1.97,0.00
ASSESS,73.12,0.00,0.00,0.00,0.00,0.00
ASSESS,0.00,41.97,0.00,28.91,0.00,0.00
ASSESS,0.81,0.00,52.01,0.00,13.94,4.03
ASSESS,0.00,10.05,0.00,45.98,0.03,13.87
ASSESS,0.00,2.01,0.00,33.90,0.00,3.08
ASSESS,0.00,0.00,0.00,48.95,13.00,0.00
ASSESS,0.00,0.00,0.00,56.13,4.77,0.00
ASSESS,5.84,21.24,13.04,5.99,0.81,13.85
ASSESS,0.00,29.02,0.00,18.86,7.17,4.95
ASSESS,6.99,32.95,0.00,0.00,15.15,0.93
ASSESS,0.00,0.20,0.00,2.65,0.00,13.87
ASSESS,0.00,43.04,0.00,0.00,11.98,0.00
ASSESS,0.00,1.12,0.00,40.95,0.00,7.85
ASSESS,0.00,4.29,0.00,29.88,0.00,15.75
ASSESS,15.90,3.00,0.32,11.88,4.96,12.80
ASSESS,0.00,26.28,0.05,8.84,0.67,10.16
ASSESS,0.00,28.43,4.93,8.22,0.41,3.86
ASSESS,5.90,3.65,17.07,3.66,3.80,11.05
ASSESS,13.99,2.96,16.10,0.00,3.05,8.05
ASSESS,0.00,0.00,0.00,29.98,11.98,0.00
ASSESS,5.86,8.95,10.01,0.00,8.96,7.99
ASSESS,0.00,2.99,0.00,15.99,22.19,0.00
ASSESS,1.06,18.98,11.79,9.05,0.12,0.01
ASSESS,5.00,4.04,0.00,30.88,1.02,0.00
ASSESS,7.90,0.22,0.17,21.09,1.68,9.83
ASSESS,8.10,0.00,0.09,0.00,31.87,0.00
ASSESS,0.02,0.00,11.80,28.02,0.11,0.02
ASSESS,14.78,10.76,0.03,0.04,0.44,13.79
ASSESS,0.00,17.99,3.84,0.00,14.00,3.94
ASSESS,17.89,3.06,5.02,0.92,0.23,11.90
ASSESS,4.93,1.29,14.10,14.90,3.78,0.00
ASSESS,4.95,6.00,2.85,9.95,4.14,11.12
ASSESS,0.00,3.92,0.00,31.97,0.02,3.08
ASSESS,0.00,1.05,4.06,12.94,8.17,12.77
ASSESS,4.89,4.98,14.98,9.00,1.28,3.85
ASSESS,0.94,1.02,4.26,17.03,1.00,13.84
ASSESS,0.00,12.65,0.00,0.00,15.37,9.95
ASSESS,0.00,1.06,0.00,9.82,16.95,10.09
ASSESS,0.00,0.00,0.00,32.98,4.08,0.00
ASSESS,0.04,3.98,3.99,10.05,12.00,6.88
ASSESS,7.96,5.00,10.99,0.98,2.05,9.93
ASSESS,13.89,0.00,8.32,0.00,5.03,9.66
ASSESS,6.09,0.00,1.11,6.97,20.93,0.90
ASSESS,17.90,4.00,1.99,5.97,1.23,4.80
ASSESS,1.75,4.99,0.86,0.00,26.19,1.96
ASSESS,9.07,5.01,4.96,8.88,2.27,4.77
ASSESS,0.92,1.02,24.22,0.01,0.93,7.82
ASSESS,0.00,4.99,0.00,17.07,11.98,0.00
ASSESS,0.00,33.07,0.00,0.00,0.00,0.76
ASSESS,0.00,9.14,0.00,20.96,0.01,3.03
ASSESS,0.10,0.05,0.00,8.06,12.71,12.16
ASSESS,0.00,6.98,0.00,22.95,0.20,2.93
ASSESS,0.00,3.98,0.00,0.00,23.18,4.84
ASSESS,0.00,0.00,2.81,26.79,1.38,0.92
ASSESS,18.89,3.01,0.00,2.86,0.02,7.09
ASSESS,0.00,21.26,0.78,5.76,0.00,4.03
ASSESS,0.00,1.93,5.07,12.79,7.15,4.85
ASSESS,4.96,13.99,10.25,0.00,1.97,0.00
ASSESS,23.10,1.08,0.00,6.83,0.00,0.00
ASSESS,0.00,14.93,0.00,0.00,15.15,0.92
ASSESS,0.00,6.16,0.02,22.77,0.85,0.97
ASSESS,0.00,0.00,1.14,17.94,3.04,7.97
ASSESS,6.97,0.89,5.13,13.21,2.87,0.95
ASSESS,0.00,0.00,10.90,0.00,15.25,2.99
ASSESS,5.85,13.98,0.00,1.99,7.01,0.00
ASSESS,5.85,15.83,0.00,0.14,7.01,0.00
ASSESS,0.00,12.92,0.00,5.75,2.23,7.87
ASSESS,1.04,6.99,5.83,8.92,0.14,5.22
ASSESS,0.00,9.00,6.01,2.08,0.06,10.92
ASSESS,0.00,28.00,0.00,0.00,0.00,0.00
ASSESS,5.85,0.00,0.00,21.98,0.01,0.00
ASSESS,0.00,9.03,2.23,0.95,4.03,10.76
ASSESS,0.00,6.76,5.96,1.15,2.31,10.76
ASSESS,8.02,0.12,0.08,0.92,14.96,2.83
ASSESS,1.01,17.94,2.83,0.00,1.25,3.00
ASSESS,0.00,13.19,0.00,7.95,4.76,0.00
ASSESS,0.00,7.93,1.85,0.86,3.55,11.70
ASSESS,0.00,4.96,7.70,6.92,3.25,3.06
ASSESS,0.00,0.70,0.78,13.19,7.25,3.97
ASSESS,0.00,0.08,0.17,14.04,7.76,3.83
ASSESS,0.00,6.96,6.01,0.00,12.01,0.10
ASSESS,4.08,3.94,0.11,6.83,6.25,3.85
ASSESS,0.00,4.26,0.33,7.98,1.69,10.79
ASSESS,5.99,3.94,0.96,9.04,0.25,4.87
ASSESS,0.00,0.00,0.00,24.97,0.00,0.00
ASSESS,0.01,1.14,4.12,17.07,1.77,0.10
ASSESS,0.00,1.07,5.98,14.73,0.99,1.40
ASSESS,0.00,7.10,0.00,17.01,0.00,0.01
ASSESS,0.00,2.00,6.07,1.99,0.18,13.82
ASSESS,0.00,6.68,0.93,3.27,2.33,10.76
ASSESS,0.00,4.03,0.97,13.90,0.01,5.03
ASSESS,3.97,0.00,4.08,15.00,0.00,0.00
ASSESS,0.00,13.98,0.00,1.99,6.02,0.00
ASSESS,0.00,0.00,11.28,0.00,6.91,3.79
ASSESS,0.00,4.05,2.16,7.79,1.06,6.88
ASSESS,1.11,0.00,0.89,7.05,5.95,6.93
ASSESS,0.00,1.22,6.81,4.78,0.02,8.93
ASSESS,0.00,17.33,0.00,3.04,0.00,0.77
ASSESS,0.00,17.33,0.00,3.04,0.00,0.77
ASSESS,0.00,0.00,15.02,0.00,6.03,0.00
ASSESS,0.00,2.08,4.87,0.91,0.19,12.98
ASSESS,13.05,0.00,0.98,0.00,0.96,6.01
ASSESS,0.00,4.08,2.13,6.99,3.94,3.84
ASSESS,0.00,0.00,8.76,0.83,6.17,5.17
ASSESS,0.00,0.05,0.09,16.03,2.85,1.86
ASSESS,0.00,13.09,0.00,0.00,0.00,7.06
ASSESS,0.98,0.00,0.00,3.00,16.12,0.00
ASSESS,0.00,6.96,0.00,6.02,0.04,6.96
ASSESS,0.00,0.00,11.01,0.00,8.94,0.01
ASSESS,0.00,9.00,2.96,0.93,3.27,3.79
ASSESS,0.00,6.82,1.07,0.00,4.04,7.88
ASSESS,0.00,0.00,0.00,3.00,16.12,0.00
ASSESS,0.01,2.15,6.91,5.87,0.20,3.97
ASSESS,0.00,7.10,0.00,11.98,0.00,0.01
ASSESS,0.00,7.10,0.00,11.98,0.00,0.01
ASSESS,0.00,0.26,3.81,0.81,4.02,10.02
ASSESS,0.00,6.15,2.98,0.00,8.90,0.08
ASSESS,0.02,3.29,0.17,7.89,2.75,3.95
ASSESS,0.00,8.22,0.00,5.04,4.76,0.00
ASSESS,4.24,8.22,0.00,0.79,4.76,0.00
ASSESS,4.24,6.24,0.00,2.77,4.76,0.00
ASSESS,0.00,7.22,0.00,6.03,4.76,0.00
ASSESS,0.00,3.95,4.12,0.02,3.00,6.90
ASSESS,0.00,1.15,6.99,0.00,2.88,6.96
ASSESS,0.00,4.06,7.02,0.86,0.00,6.04
ASSESS,0.00,0.06,7.16,0.00,4.82,5.88
ASSESS,0.08,0.01,2.12,7.93,3.79,3.96
ASSESS,0.00,4.70,1.83,7.13,1.29,2.91
ASSESS,0.00,0.93,0.95,0.02,3.87,12.06
ASSESS,0.00,0.00,8.32,4.82,0.90,3.79
ASSESS,4.01,3.00,1.03,3.77,0.00,6.02
ASSESS,0.11,4.73,5.11,0.00,3.01,4.86
ASSESS,4.89,1.08,0.25,0.00,1.86,9.73
ASSESS,0.00,3.24,1.04,0.00,0.00,12.92
ASSESS,14.12,0.00,1.06,1.88,0.02,0.01
ASSESS,0.00,14.00,0.00,0.00,0.00,3.01
ASSESS,0.00,0.00,0.00,17.01,0.00,0.00
ASSESS,0.00,2.84,1.00,0.00,1.99,11.06
ASSESS,3.79,5.09,1.77,1.93,0.15,4.13
ASSESS,0.00,0.30,0.14,1.83,0.83,13.76
ASSESS,0.00,1.93,0.20,0.87,7.08,6.77
ASSESS,3.76,1.22,0.23,7.02,0.70,3.91
ASSESS,0.00,5.25,3.93,2.67,3.07,0.96
ASSESS,0.00,5.01,0.97,0.00,9.06,0.75
ASSESS,8.88,0.00,0.07,0.00,4.07,2.73
ASSESS,0.00,0.00,0.00,15.17,0.00,0.00
ASSESS,0.00,0.00,0.05,5.00,6.96,2.95
ASSESS,0.00,2.26,0.03,0.71,5.00,6.80
ASSESS,0.00,0.00,7.09,0.09,5.85,1.10
ASSESS,0.00,8.79,4.04,0.10,1.03,0.16
ASSESS,0.00,8.22,0.00,1.04,4.76,0.00
ASSESS,0.00,9.14,0.00,4.88,0.00,0.00
ASSESS,0.00,3.03,3.09,3.89,3.97,0.03
ASSESS,0.00,5.94,3.88,0.10,1.99,2.09
ASSESS,0.00,2.03,0.00,11.87,0.06,0.02
ASSESS,0.00,0.00,0.00,13.97,0.00,0.00
ASSESS,0.00,2.20,4.12,0.84,0.76,5.98
ASSESS,0.00,0.20,0.00,3.93,0.76,9.01
ASSESS,0.00,0.00,5.23,0.00,0.92,7.73
ASSESS,0.00,0.73,0.25,7.13,3.98,1.67
ASSESS,0.08,0.02,0.19,7.96,3.78,1.73
ASSESS,0.00,0.00,1.09,1.21,9.72,1.71
ASSESS,0.00,0.11,1.01,7.93,0.92,3.03
ASSESS,0.00,0.00,0.07,0.00,7.08,5.86
ASSESS,0.00,0.00,3.93,0.96,1.04,7.08
ASSESS,0.00,7.13,1.01,0.00,2.08,2.78
ASSESS,0.98,0.01,1.97,0.00,5.25,4.80
ASSESS,0.00,2.09,5.80,0.00,0.11,5.00
ASSESS,0.00,12.90,0.00,0.09,0.00,0.00
ASSESS,0.00,2.07,1.12,5.90,3.00,0.88
ASSESS,6.83,1.10,1.12,0.04,3.01,0.87
ASSESS,0.00,0.00,0.00,12.19,0.00,0.75
ASSESS,0.00,12.18,0.01,0.00,0.00,0.75
ASSESS,0.00,3.89,1.96,1.93,0.05,5.10
ASSESS,0.00,0.07,0.03,2.97,0.95,8.91
ASSESS,0.14,0.84,0.81,0.00,0.23,10.90
ASSESS,0.00,3.17,1.04,0.00,2.82,5.89
ASSESS,0.00,0.00,0.00,0.08,0.00,12.82
ASSESS,0.00,0.00,0.00,0.14,0.75,11.24
ASSESS,0.00,0.82,5.17,5.13,0.99,0.00
ASSESS,0.00,0.00,2.30,4.89,0.99,3.89
ASSESS,0.00,0.93,0.00,0.19,0.81,10.10
ASSESS,5.99,2.20,0.95,0.00,0.01,2.86
ASSESS,0.00,7.25,0.00,0.99,0.00,3.71
ASSESS,0.00,0.87,1.16,0.00,4.04,5.86
ASSESS,0.00,3.98,0.09,1.92,3.03,2.90
ASSESS,0.00,0.00,0.00,0.00,0.82,11.06
ASSESS,0.00,0.02,0.00,0.00,4.87,6.97
ASSESS,0.00,0.00,3.97,7.05,0.79,0.00
ASSESS,0.00,0.05,0.89,0.00,0.02,10.15
ASSESS,0.00,0.91,3.08,0.00,0.00,7.06
ASSESS,0.00,10.99,0.00,0.00,0.00,0.00
ASSESS,4.97,0.00,1.07,0.00,1.15,3.79
ASSESS,0.00,7.01,0.00,3.90,0.00,0.00
ASSESS,0.00,0.00,4.33,0.00,0.78,5.78
ASSESS,0.00,0.00,2.23,0.00,4.81,3.82
ASSESS,0.00,0.72,0.31,0.00,2.94,6.75
ASSESS,0.00,2.98,2.08,1.19,2.96,0.87
ASSESS,0.00,3.14,2.09,1.00,2.85,0.98
ASSESS,0.02,0.00,3.11,0.00,3.91,2.99
ASSESS,0.00,0.00,8.91,0.00,0.18,0.90
ASSESS,0.00,7.97,0.00,1.94,0.00,0.00
ASSESS,0.00,0.00,1.20,3.75,3.01,1.89
ASSESS,0.00,0.00,0.00,9.07,0.00,0.00
ASSESS,0.00,0.00,0.00,9.07,0.00,0.00
ASSESS,0.00,0.20,1.80,6.98,0.00,0.00
ASSESS,0.00,1.21,1.01,1.90,3.78,1.07
ASSESS,0.00,4.83,1.34,0.05,0.91,1.73
ASSESS,0.05,0.00,1.15,0.21,0.76,5.92
ASSESS,0.00,0.00,0.00,0.00,3.25,4.78
ASSESS,0.00,6.10,0.04,0.98,0.10,0.79
ASSESS,0.00,0.75,6.02,1.21,0.02,0.01
ASSESS,0.00,7.08,0.00,0.91,0.00,0.00
ASSESS,0.00,7.98,0.00,0.00,0.00,0.00
ASSESS,0.00,0.00,1.41,0.00,1.95,4.59
ASSESS,0.00,0.09,0.00,0.00,7.78,0.00
ASSESS,0.00,0.00,1.01,0.00,5.82,1.01
ASSESS,7.81,0.00,0.00,0.00,0.00,0.00
ASSESS,0.00,3.82,1.19,0.99,0.00,1.79
ASSESS,0.00,0.22,0.05,2.01,4.87,0.00
ASSESS,0.89,0.00,6.18,0.00,0.03,0.05
ASSESS,0.01,0.08,1.19,0.00,1.89,3.85
ASSESS,0.00,0.00,5.13,0.00,0.78,1.10
ASSESS,0.00,0.00,0.00,0.00,0.00,0.00
ASSESS,1.11,0.00,1.99,0.00,0.05,3.79
ASSESS,0.00,0.02,0.26,0.00,0.88,5.76
ASSESS,0.00,0.00,0.00,2.89,3.97,0.00
ASSESS,0.00,0.00,4.74,0.00,1.07,1.02
ASSESS,0.00,0.00,0.00,0.00,6.04,0.00
ASSESS,0.00,1.04,0.00,0.00,0.19,4.74
ASSESS,0.00,5.00,0.00,0.02,0.88,0.00
ASSESS,0.00,0.00,0.00,0.02,0.00,0.00
ASSESS,0.00,0.00,4.81,0.00,0.00,0.00
ASSESS,0.00,0.00,0.00,0.00,4.80,0.00
ASSESS,0.00,0.00,0.00,0.00,4.80,0.00
ASSESS,0.00,0.00,0.00,0.02,0.00,4.78
ASSESS,0.00,0.00,0.00,0.01,0.00,4.79
ASSESS,0.00,0.00,0.00,0.02,0.00,4.78
ASSESS,0.00,4.47,0.00,0.26,0.00,0.00
ASSESS,4.18,0.00,0.00,0.00,0.00,0.00
ASSESS,0.00,3.88,0.00,0.01,0.11,0.03
ASSESS,0.00,0.00,0.00,0.00,4.01,0.00
ASSESS,0.00,0.00,0.00,0.00,3.25,0.00
ASSESS,0.00,0.00,0.00,0.00,3.25,0.00
ASSESS,0.00,0.00,3.02,0.00,0.04,0.05
ASSESS,0.00,0.00,0.22,0.00,1.76,0.95
ASSESS,0.00,2.78,0.00,0.00,0.00,0.01
ASSESS,0.00,0.00,0.00,0.00,0.00,1.99
ASSESS,0.00,0.00,0.05,0.00,0.20,0.78
ASSESS,0.04,0.00,0.02,0.00,0.00,0.00
ASSESS,0.00,0.00,0.00,0.02,0.00,0.00
ASSESS,0.00,0.00,0.00,0.00,0.00,0.00
ASSESS,0.00,0.00,0.00,0.00,0.00,0.00
ASSESS,0.00,0.00,0.00,0.00,0.00,0.00
ASSESS,0.00,0.00,0.00,0.00,0.00,0.00
ASSESS,0.00,0.00,0.00,0.00,0.00,0.00
ASSESS,0.00,0.00,0.00,0.00,0.00,0.00
ASSESS,0.00,0.00,0.00,0.00,0.00,0.00
ASSESS,0.00,0.00,0.00,0.00,0.00,0.00
ASSESS,0.00,0.00,0.00,0.00,0.00,0.00
ASSESS,0.00,0.00,0.00,0.00,0.00,0.00
ASSESS,0.00,0.00,0.00,0.00,0.00,0.00
ASSESS,0.00,0.00,0.00,0.00,0.00,0.00
ASSESS,0.00,0.00,0.00,0.00,0.00,0.00
ASSESS,0.00,0.00,0.00,0.00,0.00,0.00
ASSESS,0.00,0.00,0.00,0.00,0.00,0.00
ASSESS,0.00,0.00,0.00,0.00,0.00,0.00
ASSESS,0.00,0.00,0.00,0.00,0.00,0.00
ASSESS,0.00,0.00,0.00,0.00,0.00,0.00
ASSESS,0.00,0.00,0.00,0.00,0.00,0.00
ASSESS,0.00,0.00,0.00,0.00,0.00,0.00
ASSESS,0.00,0.00,0.00,0.00,0.00,0.00
ASSESS,0.00,0.00,0.00,0.00,0.00,0.00
ASSESS,0.00,0.00,0.00,0.00,0.00,0.00
ASSESS,0.00,0.00,0.00,0.00,0.00,0.00
ASSESS,0.00,0.00,0.00,0.00,0.00,0.00
ASSESS,0.00,0.00,0.00,0.00,0.00,0.00
ASSESS,0.00,0.00,0.00,0.00,0.00,0.00
ASSESS,0.00,0.00,0.00,0.00,0.00,0.00
ASSESS,0.00,0.00,0.00,0.00,0.00,0.00
ASSESS,0.00,0.00,0.00,0.00,0.00,0.00
ASSESS,0.00,0.00,0.00,0.00,0.00,0.00
ASSESS,0.00,0.00,0.00,0.00,0.00,0.00
ASSESS,0.00,0.00,0.00,0.00,0.00,0.00
ASSESS,0.00,0.00,0.00,0.00,0.00,0.00
ASSESS,0.00,0.00,0.00,0.00,0.00,0.00
ASSESS,0.00,0.00,0.00,0.00,0.00,0.00
ASSESS,0.00,0.00,0.00,0.00,0.00,0.00
ASSESS,0.00,0.00,0.00,0.00,0.00,0.00
ASSESS,0.00,0.00,0.00,0.00,0.00,0.00
ASSESS,0.00,0.00,0.00,0.00,0.00,0.00
ASSESS,0.00,0.00,0.00,0.00,0.00,0.00
ACADIA,0.00,0.02,1.20,0.00,71.62,2.86
ACADIA,57.98,5.04,5.91,28.04,6.98,0.00
ACADIA,27.97,3.78,16.98,41.08,7.99,4.24
ACADIA,27.97,0.99,14.91,42.86,10.05,3.23
ACADIA,23.09,32.75,7.98,34.93,0.98,0.04
ACADIA,57.98,0.00,0.00,32.05,0.00,0.00
ACADIA,57.98,0.00,0.00,23.99,0.00,0.00
ACADIA,0.00,0.89,0.00,65.15,11.97,0.00
ACADIA,23.09,13.01,12.95,26.68,0.00,1.31
ACADIA,4.97,14.26,4.23,37.06,7.69,0.76
ACADIA,0.00,0.80,9.05,36.22,16.99,2.16
ACADIA,0.00,0.98,18.67,35.04,1.02,9.53
ACADIA,4.97,14.82,7.25,31.89,0.02,0.72
ACADIA,0.00,27.78,0.00,20.12,0.00,0.01
ACADIA,40.94,5.15,0.00,0.00,0.00,0.82
ACADIA,33.00,12.15,0.00,0.89,0.00,0.87
ACADIA,0.00,6.22,5.10,30.99,3.73,0.20
ACADIA,1.81,22.95,2.19,4.19,0.90,3.28
ACADIA,0.00,2.07,4.03,23.96,10.79,0.91
ACADIA,0.00,4.05,3.03,25.97,0.06,0.12
ACADIA,4.97,5.09,3.08,15.19,0.63,2.96
ACADIA,18.02,7.04,3.11,0.92,1.96,0.12
ACADIA,0.00,10.02,0.97,18.03,0.09,0.77
ACADIA,0.00,0.07,4.13,22.06,0.70,2.83
ACADIA,0.00,0.00,0.00,28.57,0.00,1.13
ACADIA,0.00,1.16,0.18,25.94,0.84,0.80
ACADIA,14.92,6.04,1.90,1.78,0.11,4.15
ACADIA,8.88,1.87,1.80,16.06,0.09,0.04
ACADIA,0.00,1.18,2.31,21.09,3.37,0.08
ACADIA,10.93,0.07,4.80,9.25,0.81,2.09
ACADIA,20.07,2.89,0.08,0.14,3.78,0.04
ACADIA,1.79,6.98,11.20,2.35,3.75,0.72
ACADIA,0.00,21.29,3.36,0.99,0.60,0.02
ACADIA,4.00,7.09,4.35,8.01,0.83,0.77
ACADIA,18.01,0.78,0.02,1.13,4.97,0.02
ACADIA,0.00,0.32,0.18,22.90,0.70,0.02
ACADIA,0.00,22.03,0.79,0.00,0.21,0.12
ACADIA,2.14,0.00,0.00,20.20,0.00,0.00
ACADIA,0.00,4.34,0.00,9.88,7.61,0.00
ACADIA,0.02,5.99,0.00,15.09,0.00,0.00
ACADIA,0.00,10.87,7.16,0.01,2.99,0.05
ACADIA,2.98,1.04,0.15,9.19,4.73,1.89
ACADIA,0.00,4.91,0.00,12.10,0.02,2.05
ACADIA,0.00,2.98,7.10,7.91,0.95,0.13
ACADIA,0.00,11.73,0.00,7.16,0.00,0.02
ACADIA,11.83,1.03,1.83,0.31,0.79,3.02
ACADIA,0.09,4.00,13.38,0.00,0.76,0.13
ACADIA,3.04,0.01,0.12,8.15,5.68,0.91
ACADIA,0.00,2.32,2.19,6.99,2.61,0.05
ACADIA,0.00,0.04,1.34,11.35,0.53,0.67
ACADIA,0.00,4.63,5.91,0.38,1.01,0.91
ACADIA,0.00,0.31,10.06,0.08,0.63,1.91
ACADIA,0.00,3.00,0.00,9.75,0.00,0.00
ACADIA,1.11,1.18,5.80,3.93,0.10,0.01
ACADIA,0.00,4.17,0.00,5.00,2.81,0.08
ACADIA,0.00,0.00,0.00,11.03,0.00,0.00
ACADIA,0.00,0.15,1.15,5.96,0.82,2.83
ACADIA,0.00,2.86,0.00,0.00,7.04,0.02
ACADIA,0.00,8.02,0.11,0.98,0.00,0.11
ACADIA,0.00,2.03,6.27,0.00,0.00,0.73
ACADIA,0.00,0.00,0.00,0.04,0.04,0.14
ACADIA,0.00,8.89,0.00,0.00,0.00,0.03
ACADIA,0.00,2.76,3.16,1.20,0.03,1.75
ACADIA,0.00,0.18,0.07,0.01,5.79,2.23
ACADIA,0.00,1.86,0.68,5.17,0.31,0.04
ACADIA,0.00,2.27,0.00,0.97,0.75,4.01
ACADIA,0.00,0.89,0.00,2.33,3.82,0.13
ACADIA,0.00,0.00,0.00,1.27,0.69,5.21
ACADIA,0.00,0.00,0.00,1.27,0.69,5.21
ACADIA,0.00,4.55,0.00,0.00,2.36,0.05
ACADIA,0.00,0.79,0.94,5.15,0.00,0.03
ACADIA,0.00,2.07,0.00,4.02,0.02,0.00
ACADIA,0.00,0.98,4.94,0.00,0.00,0.09
ACADIA,0.00,0.00,2.87,0.00,0.00,3.13
ACADIA,0.00,0.87,0.00,4.00,0.03,0.25
ACADIA,0.00,1.06,1.00,0.00,0.00,0.92
ACADIA,0.00,0.00,2.15,0.00,0.00,0.00
ACADIA,0.00,0.02,0.06,0.00,0.66,0.99
ACADIA,0.00,0.00,0.98,0.00,0.00,0.12
ACADIA,0.00,0.00,1.06,0.00,0.00,0.00
ACADIA,0.02,0.00,0.00,0.76,0.00,0.00
ACADIA,0.00,0.00,0.00,0.00,0.00,0.00
ACADIA,0.00,0.00,0.00,0.00,0.00,0.00
ACADIA,0.00,0.00,0.00,0.00,0.00,0.00
ACADIA,0.00,0.00,0.00,0.00,0.00,0.00
ACADIA,0.00,0.00,0.00,0.00,0.00,0.00
ACADIA,0.00,0.00,0.00,0.00,0.00,0.00
ACADIA,0.00,0.00,0.00,0.00,0.00,0.00
ACADIA,0.00,0.00,0.00,0.00,0.00,0.00
ACADIA,0.00,0.00,0.00,0.00,0.00,0.00
ACADIA,0.00,0.00,0.00,0.00,0.00,0.00
ACADIA,0.00,0.00,0.00,0.00,0.00,0.00
ACADIA,0.00,0.00,0.00,0.00,0.00,0.00
ACADIA,0.00,0.00,0.00,0.00,0.00,0.00
ACADIA,0.00,0.00,0.00,0.00,0.00,0.00
ACADIA,0.00,0.00,0.00,0.00,0.00,0.00
ACADIA,0.00,0.00,0.00,0.00,0.00,0.00
ACADIA,0.00,0.00,0.00,0.00,0.00,0.00
ACADIA,0.00,0.00,0.00,0.00,0.00,0.00
